timeStamp,elapsed,label,responseCode,responseMessage,threadName,dataType,success,failureMessage,bytes,sentBytes,grpThreads,allThreads,Latency,IdleTime,Connect
1535747311619,63,HTTP Request,200,OK,Thread Group 1-1,text,true,,1039147,130,6,6,62,0,1
1535747311635,93,HTTP Request,200,OK,Thread Group 1-2,text,true,,1039147,130,9,9,92,0,0
1535747311639,151,HTTP Request,200,OK,Thread Group 1-3,text,true,,1039147,130,15,15,150,0,0
1535747311650,192,HTTP Request,200,OK,Thread Group 1-4,text,true,,1039147,130,20,20,191,0,1
1535747311660,224,HTTP Request,200,OK,Thread Group 1-5,text,true,,1039147,130,24,24,223,0,1
1535747311670,276,HTTP Request,200,OK,Thread Group 1-6,text,true,,1039147,130,29,29,272,0,0
1535747311683,270,HTTP Request,200,OK,Thread Group 1-1,text,true,,343,133,30,30,270,0,0
1535747311731,224,HTTP Request,200,OK,Thread Group 1-2,text,true,,343,133,30,30,224,0,0
1535747311693,309,HTTP Request,200,OK,Thread Group 1-7,text,true,,1039557,130,34,34,308,0,0
1535747311705,348,HTTP Request,200,OK,Thread Group 1-8,text,true,,1039557,130,39,39,347,0,1
1535747311720,401,HTTP Request,200,OK,Thread Group 1-9,text,true,,1039557,130,46,46,400,0,0
1535747311731,420,HTTP Request,200,OK,Thread Group 1-10,text,true,,1039557,130,49,49,419,0,0
1535747311742,454,HTTP Request,200,OK,Thread Group 1-11,text,true,,1039557,130,53,53,453,0,1
1535747311753,498,HTTP Request,200,OK,Thread Group 1-12,text,true,,1039557,130,59,59,497,0,0
1535747311763,525,HTTP Request,200,OK,Thread Group 1-13,text,true,,1039557,130,62,62,524,0,0
1535747311775,555,HTTP Request,200,OK,Thread Group 1-14,text,true,,1039557,130,66,66,555,0,1
1535747311784,589,HTTP Request,200,OK,Thread Group 1-15,text,true,,1039557,130,70,70,588,0,1
1535747311808,569,HTTP Request,200,OK,Thread Group 1-3,text,true,,343,133,71,71,569,0,0
1535747311842,537,HTTP Request,200,OK,Thread Group 1-4,text,true,,343,133,71,71,537,0,0
1535747311884,496,HTTP Request,200,OK,Thread Group 1-5,text,true,,343,133,71,71,496,0,0
1535747311809,601,HTTP Request,200,OK,Thread Group 1-17,text,true,,1040173,130,73,73,601,0,1
1535747311810,637,HTTP Request,200,OK,Thread Group 1-16,text,true,,1040173,130,76,76,636,0,0
1535747311814,671,HTTP Request,200,OK,Thread Group 1-18,text,true,,1040173,130,80,80,670,0,0
1535747311826,693,HTTP Request,200,OK,Thread Group 1-19,text,true,,1040173,130,84,84,692,0,1
1535747311834,723,HTTP Request,200,OK,Thread Group 1-20,text,true,,1040173,130,87,87,722,0,0
1535747311844,746,HTTP Request,200,OK,Thread Group 1-21,text,true,,1040173,130,91,91,745,0,0
1535747311861,760,HTTP Request,200,OK,Thread Group 1-22,text,true,,1040173,130,94,94,759,0,1
1535747311877,773,HTTP Request,200,OK,Thread Group 1-23,text,true,,1040173,130,96,96,772,0,0
1535747311881,801,HTTP Request,200,OK,Thread Group 1-24,text,true,,1040173,130,100,100,801,0,1
1535747311892,819,HTTP Request,200,OK,Thread Group 1-25,text,true,,1040173,130,103,103,819,0,1
1535747311946,773,HTTP Request,200,OK,Thread Group 1-6,text,true,,343,133,103,103,773,0,0
1535747311902,857,HTTP Request,200,OK,Thread Group 1-26,text,true,,1040379,130,107,107,856,0,0
1535747311914,882,HTTP Request,200,OK,Thread Group 1-27,text,true,,1040379,130,110,110,881,0,0
1535747311928,901,HTTP Request,200,OK,Thread Group 1-28,text,true,,1040379,130,114,114,900,0,1
1535747311938,948,HTTP Request,200,OK,Thread Group 1-29,text,true,,1040379,130,119,119,947,0,0
1535747311953,962,HTTP Request,200,OK,Thread Group 1-1,text,true,,1040379,130,122,122,961,0,0
1535747311955,992,HTTP Request,200,OK,Thread Group 1-2,text,true,,1040379,130,126,126,991,0,0
1535747311953,1029,HTTP Request,200,OK,Thread Group 1-30,text,true,,1040379,130,129,129,1028,0,0
1535747311959,1059,HTTP Request,200,OK,Thread Group 1-31,text,true,,1040379,130,132,132,1057,0,0
1535747311973,1086,HTTP Request,200,OK,Thread Group 1-32,text,true,,1040379,130,137,137,1086,0,1
1535747311984,1109,HTTP Request,200,OK,Thread Group 1-33,text,true,,1040379,130,140,140,1108,0,0
1535747311994,1130,HTTP Request,200,OK,Thread Group 1-34,text,true,,1040379,130,143,143,1129,0,0
1535747312002,1126,HTTP Request,200,OK,Thread Group 1-7,text,true,,343,133,143,143,1126,0,0
1535747312053,1076,HTTP Request,200,OK,Thread Group 1-8,text,true,,343,133,143,143,1076,0,0
1535747312004,1158,HTTP Request,200,OK,Thread Group 1-35,text,true,,1040791,130,147,147,1157,0,0
1535747312014,1177,HTTP Request,200,OK,Thread Group 1-36,text,true,,1040791,130,149,149,1176,0,0
1535747312024,1195,HTTP Request,200,OK,Thread Group 1-37,text,true,,1040791,130,152,152,1195,0,0
1535747312034,1221,HTTP Request,200,OK,Thread Group 1-38,text,true,,1040791,130,156,156,1220,0,1
1535747312044,1245,HTTP Request,200,OK,Thread Group 1-39,text,true,,1040791,130,159,159,1244,0,0
1535747312056,1282,HTTP Request,200,OK,Thread Group 1-40,text,true,,1040791,130,163,163,1276,0,0
1535747312064,1306,HTTP Request,200,OK,Thread Group 1-41,text,true,,1040791,130,166,166,1305,0,1
1535747312075,1326,HTTP Request,200,OK,Thread Group 1-42,text,true,,1040791,130,169,169,1324,0,0
1535747312084,1350,HTTP Request,200,OK,Thread Group 1-43,text,true,,1040791,130,173,173,1348,0,1
1535747312095,1369,HTTP Request,200,OK,Thread Group 1-44,text,true,,1040791,130,176,176,1368,0,0
1535747312106,1386,HTTP Request,200,OK,Thread Group 1-45,text,true,,1040791,130,179,179,1386,0,0
1535747312121,1376,HTTP Request,200,OK,Thread Group 1-9,text,true,,343,133,179,179,1376,0,0
1535747312151,1348,HTTP Request,200,OK,Thread Group 1-10,text,true,,343,133,179,179,1348,0,0
1535747312196,1304,HTTP Request,200,OK,Thread Group 1-11,text,true,,343,133,179,179,1304,0,0
1535747312116,1419,HTTP Request,200,OK,Thread Group 1-46,text,true,,1041408,130,183,183,1417,0,0
1535747312127,1445,HTTP Request,200,OK,Thread Group 1-47,text,true,,1041408,130,186,186,1444,0,0
1535747312137,1469,HTTP Request,200,OK,Thread Group 1-48,text,true,,1041408,130,190,190,1468,0,0
1535747312147,1491,HTTP Request,200,OK,Thread Group 1-49,text,true,,1041408,130,193,193,1490,0,0
1535747312160,1513,HTTP Request,200,OK,Thread Group 1-50,text,true,,1041408,130,196,196,1513,0,0
1535747312167,1535,HTTP Request,200,OK,Thread Group 1-51,text,true,,1041408,130,199,199,1533,0,0
1535747312177,1558,HTTP Request,200,OK,Thread Group 1-52,text,true,,1041408,130,203,203,1557,0,1
1535747312187,1578,HTTP Request,200,OK,Thread Group 1-53,text,true,,1041408,130,206,206,1577,0,0
1535747312251,1523,HTTP Request,200,OK,Thread Group 1-12,text,true,,343,133,206,206,1523,0,0
1535747312288,1490,HTTP Request,200,OK,Thread Group 1-13,text,true,,343,133,207,207,1490,0,0
1535747312197,1611,HTTP Request,200,OK,Thread Group 1-54,text,true,,1041820,130,210,210,1610,0,1
1535747312207,1634,HTTP Request,200,OK,Thread Group 1-55,text,true,,1041820,130,213,213,1633,0,1
1535747312219,1654,HTTP Request,200,OK,Thread Group 1-56,text,true,,1041820,130,216,216,1654,0,1
1535747312233,1670,HTTP Request,200,OK,Thread Group 1-57,text,true,,1041820,130,219,219,1670,0,0
1535747312238,1696,HTTP Request,200,OK,Thread Group 1-58,text,true,,1041820,130,222,222,1694,0,0
1535747312248,1732,HTTP Request,200,OK,Thread Group 1-59,text,true,,1041820,130,227,227,1731,0,0
1535747312258,1757,HTTP Request,200,OK,Thread Group 1-60,text,true,,1041820,130,230,230,1756,0,0
1535747312269,1774,HTTP Request,200,OK,Thread Group 1-61,text,true,,1041820,130,233,233,1774,0,0
1535747312279,1799,HTTP Request,200,OK,Thread Group 1-62,text,true,,1041820,130,237,237,1799,0,0
1535747312290,1834,HTTP Request,200,OK,Thread Group 1-63,text,true,,1041820,130,241,241,1833,0,0
1535747312298,1864,HTTP Request,200,OK,Thread Group 1-64,text,true,,1041820,130,244,244,1863,0,1
1535747312308,1890,HTTP Request,200,OK,Thread Group 1-65,text,true,,1041820,130,248,248,1889,0,1
1535747312327,1902,HTTP Request,200,OK,Thread Group 1-66,text,true,,1041820,130,250,250,1901,0,0
1535747312348,1888,HTTP Request,200,OK,Thread Group 1-14,text,true,,343,133,251,251,1888,0,0
1535747312373,1865,HTTP Request,200,OK,Thread Group 1-15,text,true,,343,133,251,251,1865,0,0
1535747312335,1935,HTTP Request,200,OK,Thread Group 1-67,text,true,,1042232,130,254,254,1934,0,0
1535747312348,1958,HTTP Request,200,OK,Thread Group 1-68,text,true,,1042232,130,258,258,1957,0,3
1535747312351,1985,HTTP Request,200,OK,Thread Group 1-69,text,true,,1042232,130,261,261,1984,0,1
1535747312363,2001,HTTP Request,200,OK,Thread Group 1-70,text,true,,1042232,130,263,263,2000,0,1
1535747312377,2025,HTTP Request,200,OK,Thread Group 1-3,text,true,,1042232,130,267,267,2025,0,0
1535747312377,2062,HTTP Request,200,OK,Thread Group 1-71,text,true,,1042232,130,271,271,2061,0,0
1535747312379,2097,HTTP Request,200,OK,Thread Group 1-4,text,true,,1042232,130,274,274,2096,0,0
1535747312380,2129,HTTP Request,200,OK,Thread Group 1-5,text,true,,1042232,130,277,277,2128,0,0
1535747312390,2146,HTTP Request,200,OK,Thread Group 1-72,text,true,,1042232,130,280,280,2145,0,0
1535747312402,2166,HTTP Request,200,OK,Thread Group 1-73,text,true,,1042232,130,283,283,2164,0,0
1535747312411,2161,HTTP Request,200,OK,Thread Group 1-17,text,true,,343,133,283,283,2161,0,0
1535747312447,2127,HTTP Request,200,OK,Thread Group 1-16,text,true,,343,133,283,283,2127,0,0
1535747312417,2189,HTTP Request,200,OK,Thread Group 1-74,text,true,,1042642,130,287,287,2188,0,0
1535747312427,2214,HTTP Request,200,OK,Thread Group 1-75,text,true,,1042642,130,290,290,2213,0,0
1535747312438,2235,HTTP Request,200,OK,Thread Group 1-76,text,true,,1042642,130,293,293,2234,0,0
1535747312486,2191,HTTP Request,200,OK,Thread Group 1-18,text,true,,343,133,294,294,2191,0,0
1535747312453,2256,HTTP Request,200,OK,Thread Group 1-77,text,true,,1042847,130,297,297,2255,0,0
1535747312457,2295,HTTP Request,200,OK,Thread Group 1-78,text,true,,1042847,130,301,301,2294,0,1
1535747312468,2321,HTTP Request,200,OK,Thread Group 1-79,text,true,,1042847,130,305,305,2320,0,0
1535747312478,2347,HTTP Request,200,OK,Thread Group 1-80,text,true,,1042847,130,308,308,2347,0,0
1535747312488,2370,HTTP Request,200,OK,Thread Group 1-81,text,true,,1042847,130,312,312,2369,0,0
1535747312498,2395,HTTP Request,200,OK,Thread Group 1-82,text,true,,1042847,130,315,315,2395,0,0
1535747312508,2415,HTTP Request,200,OK,Thread Group 1-83,text,true,,1042847,130,318,318,2414,0,0
1535747312519,2436,HTTP Request,200,OK,Thread Group 1-84,text,true,,1042847,130,321,321,2436,0,0
1535747312519,2448,HTTP Request,200,OK,Thread Group 1-19,text,true,,343,133,322,322,2448,0,0
1535747312528,2468,HTTP Request,200,OK,Thread Group 1-85,text,true,,1043053,130,325,325,2467,0,1
1535747312539,2503,HTTP Request,200,OK,Thread Group 1-86,text,true,,1043053,130,330,330,2502,0,0
1535747312549,2527,HTTP Request,200,OK,Thread Group 1-87,text,true,,1043053,130,333,333,2526,0,0
1535747312557,2524,HTTP Request,200,OK,Thread Group 1-20,text,true,,343,133,334,334,2524,0,0
1535747312590,2493,HTTP Request,200,OK,Thread Group 1-21,text,true,,343,133,334,334,2493,0,0
1535747312559,2554,HTTP Request,200,OK,Thread Group 1-88,text,true,,1043463,130,337,337,2553,0,0
1535747312569,2572,HTTP Request,200,OK,Thread Group 1-89,text,true,,1043463,130,340,340,2571,0,0
1535747312579,2598,HTTP Request,200,OK,Thread Group 1-90,text,true,,1043463,130,343,343,2597,0,1
1535747312589,2619,HTTP Request,200,OK,Thread Group 1-91,text,true,,1043463,130,346,346,2619,0,1
1535747312621,2592,HTTP Request,200,OK,Thread Group 1-22,text,true,,343,133,347,347,2592,0,0
1535747312651,2564,HTTP Request,200,OK,Thread Group 1-23,text,true,,343,133,347,347,2564,0,0
1535747312600,2648,HTTP Request,200,OK,Thread Group 1-92,text,true,,1043873,130,350,350,2647,0,0
1535747312610,2668,HTTP Request,200,OK,Thread Group 1-93,text,true,,1043873,130,353,353,2667,0,0
1535747312620,2700,HTTP Request,200,OK,Thread Group 1-94,text,true,,1043873,130,357,357,2699,0,0
1535747312630,2724,HTTP Request,200,OK,Thread Group 1-95,text,true,,1043873,130,361,361,2724,0,1
1535747312640,2742,HTTP Request,200,OK,Thread Group 1-96,text,true,,1043873,130,364,364,2741,0,0
1535747312682,2704,HTTP Request,200,OK,Thread Group 1-24,text,true,,343,133,364,364,2704,0,0
1535747312651,2768,HTTP Request,200,OK,Thread Group 1-97,text,true,,1044079,130,367,367,2767,0,0
1535747312661,2792,HTTP Request,200,OK,Thread Group 1-98,text,true,,1044079,130,371,371,2791,0,0
1535747312671,2810,HTTP Request,200,OK,Thread Group 1-99,text,true,,1044079,130,373,373,2809,0,0
1535747312681,2833,HTTP Request,200,OK,Thread Group 1-100,text,true,,1044079,130,377,377,2832,0,0
1535747312691,2850,HTTP Request,200,OK,Thread Group 1-101,text,true,,1044079,130,379,379,2850,0,0
1535747312701,2884,HTTP Request,200,OK,Thread Group 1-102,text,true,,1044079,130,384,384,2882,0,1
1535747312711,2910,HTTP Request,200,OK,Thread Group 1-103,text,true,,1044079,130,387,387,2909,0,1
1535747312715,2910,HTTP Request,200,OK,Thread Group 1-25,text,true,,343,133,388,388,2910,0,0
1535747312719,3149,HTTP Request,200,OK,Thread Group 1-6,text,true,,1044285,130,391,391,2937,0,0
1535747312766,3108,HTTP Request,200,OK,Thread Group 1-108,text,true,,1044903,130,391,391,3107,0,1
1535747312829,3046,HTTP Request,200,OK,Thread Group 1-28,text,true,,343,133,391,391,3046,0,0
1535747312796,3086,HTTP Request,200,OK,Thread Group 1-27,text,true,,343,133,391,391,3086,0,0
1535747312756,3127,HTTP Request,200,OK,Thread Group 1-107,text,true,,1044491,130,391,391,3126,0,0
1535747312746,3138,HTTP Request,200,OK,Thread Group 1-106,text,true,,1044491,130,391,391,3137,0,0
1535747312733,3164,HTTP Request,200,OK,Thread Group 1-105,text,true,,1044491,130,408,408,3162,0,1
1535747312722,3177,HTTP Request,200,OK,Thread Group 1-104,text,true,,1044491,130,410,410,3176,0,0
1535747312759,3142,HTTP Request,200,OK,Thread Group 1-26,text,true,,343,133,414,414,3142,0,0
1535747312776,3151,HTTP Request,200,OK,Thread Group 1-109,text,true,,1044903,130,417,417,3146,0,0
1535747312786,3182,HTTP Request,200,OK,Thread Group 1-110,text,true,,1044903,130,421,421,3180,0,0
1535747312796,3216,HTTP Request,200,OK,Thread Group 1-111,text,true,,1044903,130,425,425,3215,0,1
1535747312806,3239,HTTP Request,200,OK,Thread Group 1-112,text,true,,1044903,130,429,429,3239,0,1
1535747312825,3252,HTTP Request,200,OK,Thread Group 1-113,text,true,,1044903,130,432,432,3252,0,0
1535747312826,3286,HTTP Request,200,OK,Thread Group 1-114,text,true,,1044903,130,436,436,3285,0,1
1535747312837,3304,HTTP Request,200,OK,Thread Group 1-115,text,true,,1044903,130,438,438,3303,0,0
1535747312886,3263,HTTP Request,200,OK,Thread Group 1-29,text,true,,343,133,439,439,3263,0,0
1535747312915,3240,HTTP Request,200,OK,Thread Group 1-1,text,true,,343,133,440,440,3240,0,0
1535747312846,3341,HTTP Request,200,OK,Thread Group 1-116,text,true,,1045314,130,443,443,3341,0,1
1535747312857,3362,HTTP Request,200,OK,Thread Group 1-117,text,true,,1045314,130,446,446,3361,0,0
1535747312867,3386,HTTP Request,200,OK,Thread Group 1-118,text,true,,1045314,130,450,450,3385,0,0
1535747312877,3409,HTTP Request,200,OK,Thread Group 1-119,text,true,,1045314,130,453,453,3407,0,0
1535747312887,3438,HTTP Request,200,OK,Thread Group 1-120,text,true,,1045314,130,457,457,3438,0,0
1535747312897,3466,HTTP Request,200,OK,Thread Group 1-121,text,true,,1045314,130,461,461,3466,0,0
1535747312907,3488,HTTP Request,200,OK,Thread Group 1-122,text,true,,1045314,130,464,464,3487,0,1
1535747312917,3514,HTTP Request,200,OK,Thread Group 1-123,text,true,,1045314,130,467,467,3513,0,1
1535747312927,3536,HTTP Request,200,OK,Thread Group 1-124,text,true,,1045314,130,470,470,3535,0,1
1535747312937,3555,HTTP Request,200,OK,Thread Group 1-125,text,true,,1045314,130,473,473,3554,0,1
1535747312947,3573,HTTP Request,200,OK,Thread Group 1-126,text,true,,1045314,130,476,476,3573,0,0
1535747312948,3576,HTTP Request,200,OK,Thread Group 1-2,text,true,,343,133,477,477,3576,0,0
1535747312982,3550,HTTP Request,200,OK,Thread Group 1-30,text,true,,343,133,477,477,3550,0,0
1535747312958,3606,HTTP Request,200,OK,Thread Group 1-127,text,true,,1045726,130,480,480,3605,0,0
1535747312968,3625,HTTP Request,200,OK,Thread Group 1-128,text,true,,1045726,130,483,483,3624,0,0
1535747312978,3648,HTTP Request,200,OK,Thread Group 1-129,text,true,,1045726,130,487,487,3647,0,0
1535747313018,3614,HTTP Request,200,OK,Thread Group 1-31,text,true,,343,133,487,487,3614,0,0
1535747313060,3578,HTTP Request,200,OK,Thread Group 1-32,text,true,,343,133,488,488,3578,0,0
1535747312988,3680,HTTP Request,200,OK,Thread Group 1-130,text,true,,1046138,130,491,491,3678,0,0
1535747312998,3698,HTTP Request,200,OK,Thread Group 1-131,text,true,,1046138,130,494,494,3697,0,0
1535747313008,3720,HTTP Request,200,OK,Thread Group 1-132,text,true,,1046138,130,497,497,3719,0,0
1535747313018,3757,HTTP Request,200,OK,Thread Group 1-133,text,true,,1046138,130,501,501,3756,0,1
1535747313028,3775,HTTP Request,200,OK,Thread Group 1-134,text,true,,1046138,130,504,504,3775,0,8
1535747313038,3800,HTTP Request,200,OK,Thread Group 1-135,text,true,,1046138,130,508,508,3800,0,1
1535747313048,3826,HTTP Request,200,OK,Thread Group 1-136,text,true,,1046138,130,511,511,3826,0,1
1535747313059,3858,HTTP Request,200,OK,Thread Group 1-137,text,true,,1046138,130,515,515,3856,0,0
1535747313093,3826,HTTP Request,200,OK,Thread Group 1-33,text,true,,343,133,516,516,3826,0,0
1535747313069,3885,HTTP Request,200,OK,Thread Group 1-138,text,true,,1046344,130,519,519,3884,0,0
1535747313079,3907,HTTP Request,200,OK,Thread Group 1-139,text,true,,1046344,130,522,522,3906,0,0
1535747313089,3929,HTTP Request,200,OK,Thread Group 1-140,text,true,,1046344,130,525,525,3927,0,0
1535747313124,3898,HTTP Request,200,OK,Thread Group 1-34,text,true,,343,133,526,526,3898,0,0
1535747313100,3958,HTTP Request,200,OK,Thread Group 1-141,text,true,,1046549,130,529,529,3957,0,0
1535747313110,3979,HTTP Request,200,OK,Thread Group 1-142,text,true,,1046549,130,532,532,3978,0,0
1535747313120,4005,HTTP Request,200,OK,Thread Group 1-143,text,true,,1046549,130,536,536,4005,0,0
1535747313128,4029,HTTP Request,200,OK,Thread Group 1-7,text,true,,1046549,130,539,539,4028,0,0
1535747313130,4058,HTTP Request,200,OK,Thread Group 1-8,text,true,,1046549,130,542,542,4057,0,0
1535747313130,4097,HTTP Request,200,OK,Thread Group 1-144,text,true,,1046549,130,546,546,4096,0,0
1535747313140,4117,HTTP Request,200,OK,Thread Group 1-145,text,true,,1046549,130,549,549,4116,0,0
1535747313151,4145,HTTP Request,200,OK,Thread Group 1-146,text,true,,1046549,130,553,553,4144,0,1
1535747313161,4169,HTTP Request,200,OK,Thread Group 1-147,text,true,,1046549,130,556,556,4168,0,0
1535747313162,4173,HTTP Request,200,OK,Thread Group 1-35,text,true,,343,133,557,557,4173,0,0
1535747313171,4192,HTTP Request,200,OK,Thread Group 1-148,text,true,,1046755,130,560,560,4191,0,0
1535747313181,4214,HTTP Request,200,OK,Thread Group 1-149,text,true,,1046755,130,563,563,4213,0,1
1535747313191,4206,HTTP Request,200,OK,Thread Group 1-36,text,true,,343,133,563,563,4206,0,0
1535747313193,4236,HTTP Request,200,OK,Thread Group 1-150,text,true,,1046961,130,566,566,4235,0,0
1535747313203,4257,HTTP Request,200,OK,Thread Group 1-151,text,true,,1046961,130,569,569,4256,0,1
1535747313213,4279,HTTP Request,200,OK,Thread Group 1-152,text,true,,1046961,130,572,572,4278,0,1
1535747313219,4285,HTTP Request,200,OK,Thread Group 1-37,text,true,,343,133,574,574,4285,0,0
1535747313224,4318,HTTP Request,200,OK,Thread Group 1-153,text,true,,1047167,130,577,577,4317,0,0
1535747313234,4335,HTTP Request,200,OK,Thread Group 1-154,text,true,,1047167,130,579,579,4335,0,0
1535747313244,4357,HTTP Request,200,OK,Thread Group 1-155,text,true,,1047167,130,582,582,4356,0,0
1535747313254,4383,HTTP Request,200,OK,Thread Group 1-156,text,true,,1047167,130,586,586,4383,0,0
1535747313255,4387,HTTP Request,200,OK,Thread Group 1-38,text,true,,343,133,586,586,4387,0,0
1535747313289,4355,HTTP Request,200,OK,Thread Group 1-39,text,true,,343,133,587,587,4355,0,0
1535747313264,4408,HTTP Request,200,OK,Thread Group 1-157,text,true,,1047578,130,589,589,4407,0,0
1535747313274,4433,HTTP Request,200,OK,Thread Group 1-158,text,true,,1047578,130,593,593,4432,0,0
1535747313284,4459,HTTP Request,200,OK,Thread Group 1-159,text,true,,1047578,130,596,596,4458,0,1
1535747313338,4414,HTTP Request,200,OK,Thread Group 1-40,text,true,,343,133,597,597,4414,0,0
1535747313297,4483,HTTP Request,200,OK,Thread Group 1-160,text,true,,1047784,130,600,600,4483,0,1
1535747313305,4505,HTTP Request,200,OK,Thread Group 1-161,text,true,,1047784,130,603,603,4504,0,0
1535747313316,4525,HTTP Request,200,OK,Thread Group 1-162,text,true,,1047784,130,606,606,4525,0,0
1535747313337,4532,HTTP Request,200,OK,Thread Group 1-163,text,true,,1047784,130,609,609,4531,0,1
1535747313341,4562,HTTP Request,200,OK,Thread Group 1-164,text,true,,1047784,130,612,612,4562,0,0
1535747313370,4537,HTTP Request,200,OK,Thread Group 1-41,text,true,,343,133,612,612,4537,0,0
1535747313351,4589,HTTP Request,200,OK,Thread Group 1-165,text,true,,1047990,130,616,616,4588,0,0
1535747313361,4616,HTTP Request,200,OK,Thread Group 1-166,text,true,,1047990,130,617,617,4614,0,0
1535747313401,4583,HTTP Request,200,OK,Thread Group 1-42,text,true,,343,133,618,618,4583,0,0
1535747313372,4641,HTTP Request,200,OK,Thread Group 1-167,text,true,,1048196,130,621,621,4640,0,0
1535747313382,4659,HTTP Request,200,OK,Thread Group 1-168,text,true,,1048196,130,623,623,4658,0,0
1535747313392,4679,HTTP Request,200,OK,Thread Group 1-169,text,true,,1048196,130,626,626,4678,0,1
1535747313434,4641,HTTP Request,200,OK,Thread Group 1-43,text,true,,343,133,626,626,4641,0,0
1535747313402,4704,HTTP Request,200,OK,Thread Group 1-170,text,true,,1048401,130,629,629,4703,0,1
1535747313412,4727,HTTP Request,200,OK,Thread Group 1-171,text,true,,1048401,130,633,633,4726,0,0
1535747313424,4745,HTTP Request,200,OK,Thread Group 1-172,text,true,,1048401,130,636,636,4743,0,0
1535747313433,4773,HTTP Request,200,OK,Thread Group 1-173,text,true,,1048401,130,639,639,4772,0,0
1535747313464,4751,HTTP Request,200,OK,Thread Group 1-44,text,true,,343,133,640,640,4751,0,0
1535747313442,4803,HTTP Request,200,OK,Thread Group 1-174,text,true,,1048606,130,643,643,4802,0,1
1535747313452,4821,HTTP Request,200,OK,Thread Group 1-175,text,true,,1048606,130,646,646,4820,0,1
1535747313462,4843,HTTP Request,200,OK,Thread Group 1-176,text,true,,1048606,130,649,649,4842,0,0
1535747313493,4816,HTTP Request,200,OK,Thread Group 1-45,text,true,,343,133,650,650,4816,0,0
1535747313472,4870,HTTP Request,200,OK,Thread Group 1-177,text,true,,1048812,130,653,653,4869,0,1
1535747313482,4892,HTTP Request,200,OK,Thread Group 1-178,text,true,,1048812,130,656,656,4891,0,1
1535747313492,4913,HTTP Request,200,OK,Thread Group 1-179,text,true,,1048812,130,659,659,4912,0,1
1535747313497,4948,HTTP Request,200,OK,Thread Group 1-9,text,true,,1048812,130,663,663,4947,0,0
1535747313499,4986,HTTP Request,200,OK,Thread Group 1-10,text,true,,1048812,130,667,667,4984,0,0
1535747313500,5018,HTTP Request,200,OK,Thread Group 1-11,text,true,,1048812,130,670,670,5016,0,0
1535747313506,5041,HTTP Request,200,OK,Thread Group 1-180,text,true,,1048812,130,673,673,5040,0,0
1535747313513,5066,HTTP Request,200,OK,Thread Group 1-181,text,true,,1048812,130,676,676,5065,0,1
1535747313523,5087,HTTP Request,200,OK,Thread Group 1-182,text,true,,1048812,130,679,679,5086,0,1
1535747313534,5280,HTTP Request,200,OK,Thread Group 1-183,text,true,,1048812,130,684,684,5111,0,0
1535747313606,5208,HTTP Request,200,OK,Thread Group 1-48,text,true,,343,133,685,685,5208,0,0
1535747313638,5176,HTTP Request,200,OK,Thread Group 1-49,text,true,,343,133,685,685,5176,0,0
1535747313572,5242,HTTP Request,200,OK,Thread Group 1-47,text,true,,343,133,685,685,5242,0,0
1535747313553,5265,HTTP Request,200,OK,Thread Group 1-185,text,true,,1049017,130,690,690,5264,0,1
1535747313563,5255,HTTP Request,200,OK,Thread Group 1-186,text,true,,1049017,130,691,691,5253,0,1
1535747313544,5276,HTTP Request,200,OK,Thread Group 1-184,text,true,,1049017,130,695,695,5275,0,0
1535747313540,5281,HTTP Request,200,OK,Thread Group 1-46,text,true,,343,133,696,696,5281,0,0
1535747313573,5251,HTTP Request,200,OK,Thread Group 1-187,text,true,,1049634,130,698,698,5250,0,1
1535747313583,5281,HTTP Request,200,OK,Thread Group 1-188,text,true,,1049634,130,702,702,5280,0,1
1535747313593,5309,HTTP Request,200,OK,Thread Group 1-189,text,true,,1049634,130,705,705,5308,0,1
1535747313604,5328,HTTP Request,200,OK,Thread Group 1-190,text,true,,1049634,130,708,708,5327,0,0
1535747313614,5354,HTTP Request,200,OK,Thread Group 1-191,text,true,,1049634,130,711,711,5353,0,0
1535747313624,5372,HTTP Request,200,OK,Thread Group 1-192,text,true,,1049634,130,713,713,5371,0,0
1535747313634,5395,HTTP Request,200,OK,Thread Group 1-193,text,true,,1049634,130,717,717,5395,0,1
1535747313644,5428,HTTP Request,200,OK,Thread Group 1-194,text,true,,1049634,130,721,721,5428,0,0
1535747313654,5453,HTTP Request,200,OK,Thread Group 1-195,text,true,,1049634,130,724,724,5453,0,0
1535747313664,5479,HTTP Request,200,OK,Thread Group 1-196,text,true,,1049634,130,728,728,5479,0,1
1535747313674,5473,HTTP Request,200,OK,Thread Group 1-50,text,true,,343,133,728,728,5473,0,0
1535747313702,5447,HTTP Request,200,OK,Thread Group 1-51,text,true,,343,133,728,728,5447,0,0
1535747313674,5520,HTTP Request,200,OK,Thread Group 1-197,text,true,,1050046,130,733,733,5519,0,1
1535747313685,5541,HTTP Request,200,OK,Thread Group 1-198,text,true,,1050046,130,736,736,5540,0,0
1535747313694,5564,HTTP Request,200,OK,Thread Group 1-199,text,true,,1050046,130,739,739,5563,0,1
1535747313736,5525,HTTP Request,200,OK,Thread Group 1-52,text,true,,343,133,740,740,5525,0,0
1535747313765,5498,HTTP Request,200,OK,Thread Group 1-53,text,true,,343,133,740,740,5498,0,0
1535747313705,5597,HTTP Request,200,OK,Thread Group 1-200,text,true,,1050458,130,744,744,5595,0,0
1535747313714,5621,HTTP Request,200,OK,Thread Group 1-201,text,true,,1050458,130,747,747,5619,0,0
1535747313725,5646,HTTP Request,200,OK,Thread Group 1-202,text,true,,1050458,130,751,751,5645,0,0
1535747313735,5677,HTTP Request,200,OK,Thread Group 1-203,text,true,,1050458,130,754,754,5676,0,1
1535747313745,5702,HTTP Request,200,OK,Thread Group 1-204,text,true,,1050458,130,758,758,5701,0,0
1535747313755,5731,HTTP Request,200,OK,Thread Group 1-205,text,true,,1050458,130,762,762,5730,0,0
1535747313765,5756,HTTP Request,200,OK,Thread Group 1-206,text,true,,1050458,130,765,765,5755,0,0
1535747313774,5776,HTTP Request,200,OK,Thread Group 1-12,text,true,,1050458,130,767,767,5775,0,0
1535747313775,5803,HTTP Request,200,OK,Thread Group 1-207,text,true,,1050458,130,770,770,5802,0,1
1535747313778,5834,HTTP Request,200,OK,Thread Group 1-13,text,true,,1050458,130,773,773,5833,0,1
1535747313785,5856,HTTP Request,200,OK,Thread Group 1-208,text,true,,1050458,130,776,776,5855,0,1
1535747313795,5877,HTTP Request,200,OK,Thread Group 1-209,text,true,,1050458,130,779,779,5876,0,1
1535747313805,5905,HTTP Request,200,OK,Thread Group 1-210,text,true,,1050458,130,783,783,5904,0,1
1535747313808,5910,HTTP Request,200,OK,Thread Group 1-54,text,true,,343,133,784,784,5910,0,0
1535747313827,5920,HTTP Request,200,OK,Thread Group 1-212,text,true,,1050664,130,787,787,5919,0,0
1535747313827,5949,HTTP Request,200,OK,Thread Group 1-211,text,true,,1050664,130,789,789,5948,0,0
1535747313835,5973,HTTP Request,200,OK,Thread Group 1-213,text,true,,1050664,130,793,793,5972,0,0
1535747313841,5971,HTTP Request,200,OK,Thread Group 1-55,text,true,,343,133,793,793,5971,0,0
1535747313874,5940,HTTP Request,200,OK,Thread Group 1-56,text,true,,343,133,793,793,5940,0,0
1535747313846,6001,HTTP Request,200,OK,Thread Group 1-214,text,true,,1051076,130,796,796,6000,0,0
1535747313856,6027,HTTP Request,200,OK,Thread Group 1-215,text,true,,1051076,130,800,800,6026,0,0
1535747313866,6050,HTTP Request,200,OK,Thread Group 1-216,text,true,,1051076,130,803,803,6049,0,0
1535747313904,6016,HTTP Request,200,OK,Thread Group 1-57,text,true,,343,133,804,804,6016,0,0
1535747313876,6106,HTTP Request,200,OK,Thread Group 1-217,text,true,,1051282,130,807,807,6074,0,1
1535747313886,6120,HTTP Request,200,OK,Thread Group 1-218,text,true,,1051282,130,812,812,6119,0,0
1535747313896,6145,HTTP Request,200,OK,Thread Group 1-219,text,true,,1051282,130,816,816,6144,0,0
1535747313906,6171,HTTP Request,200,OK,Thread Group 1-220,text,true,,1051282,130,819,819,6170,0,1
1535747313917,6193,HTTP Request,200,OK,Thread Group 1-221,text,true,,1051282,130,822,822,6193,0,0
1535747313926,6213,HTTP Request,200,OK,Thread Group 1-222,text,true,,1051282,130,825,825,6212,0,1
1535747313934,6209,HTTP Request,200,OK,Thread Group 1-58,text,true,,343,133,825,825,6209,0,0
1535747313980,6165,HTTP Request,200,OK,Thread Group 1-59,text,true,,343,133,825,825,6165,0,0
1535747313937,6236,HTTP Request,200,OK,Thread Group 1-223,text,true,,1051693,130,828,828,6236,0,0
1535747313950,6257,HTTP Request,200,OK,Thread Group 1-224,text,true,,1051693,130,832,832,6256,0,0
1535747313956,6283,HTTP Request,200,OK,Thread Group 1-225,text,true,,1051693,130,835,835,6282,0,0
1535747313966,6307,HTTP Request,200,OK,Thread Group 1-226,text,true,,1051693,130,838,838,6307,0,0
1535747313977,6338,HTTP Request,200,OK,Thread Group 1-227,text,true,,1051693,130,842,842,6337,0,0
1535747313987,6360,HTTP Request,200,OK,Thread Group 1-228,text,true,,1051693,130,845,845,6359,0,0
1535747313997,6393,HTTP Request,200,OK,Thread Group 1-229,text,true,,1051693,130,850,850,6392,0,0
1535747314007,6412,HTTP Request,200,OK,Thread Group 1-230,text,true,,1051693,130,853,853,6411,0,0
1535747314015,6408,HTTP Request,200,OK,Thread Group 1-60,text,true,,343,133,853,853,6408,0,0
1535747314044,6381,HTTP Request,200,OK,Thread Group 1-61,text,true,,343,133,853,853,6381,0,0
1535747314017,6438,HTTP Request,200,OK,Thread Group 1-231,text,true,,1052105,130,856,856,6437,0,1
1535747314027,6460,HTTP Request,200,OK,Thread Group 1-232,text,true,,1052105,130,859,859,6459,0,0
1535747314037,6477,HTTP Request,200,OK,Thread Group 1-233,text,true,,1052105,130,862,862,6477,0,1
1535747314079,6440,HTTP Request,200,OK,Thread Group 1-62,text,true,,343,133,862,862,6440,0,0
1535747314047,6506,HTTP Request,200,OK,Thread Group 1-234,text,true,,1052311,130,865,865,6505,0,1
1535747314058,6523,HTTP Request,200,OK,Thread Group 1-235,text,true,,1052311,130,867,867,6522,0,0
1535747314068,6546,HTTP Request,200,OK,Thread Group 1-236,text,true,,1052311,130,870,870,6545,0,0
1535747314077,6566,HTTP Request,200,OK,Thread Group 1-237,text,true,,1052311,130,873,873,6565,0,0
1535747314093,6588,HTTP Request,200,OK,Thread Group 1-238,text,true,,1052311,130,877,877,6587,0,1
1535747314124,6566,HTTP Request,200,OK,Thread Group 1-63,text,true,,343,133,878,878,6566,0,0
1535747314162,6531,HTTP Request,200,OK,Thread Group 1-64,text,true,,343,133,878,878,6531,0,0
1535747314103,6619,HTTP Request,200,OK,Thread Group 1-239,text,true,,1052722,130,881,881,6618,0,1
1535747314114,6637,HTTP Request,200,OK,Thread Group 1-240,text,true,,1052722,130,884,884,6635,0,0
1535747314123,6662,HTTP Request,200,OK,Thread Group 1-241,text,true,,1052722,130,887,887,6660,0,0
1535747314133,6684,HTTP Request,200,OK,Thread Group 1-242,text,true,,1052722,130,890,890,6683,0,0
1535747314144,6710,HTTP Request,200,OK,Thread Group 1-243,text,true,,1052722,130,894,894,6710,0,0
1535747314198,6714,HTTP Request,200,OK,Thread Group 1-65,text,true,,343,133,897,897,6714,0,0
1535747314154,6758,HTTP Request,200,OK,Thread Group 1-244,text,true,,1052722,130,898,898,6732,0,0
1535747314164,6774,HTTP Request,200,OK,Thread Group 1-245,text,true,,1052928,130,902,902,6773,0,0
1535747314174,6804,HTTP Request,200,OK,Thread Group 1-246,text,true,,1052928,130,906,906,6803,0,0
1535747314184,6826,HTTP Request,200,OK,Thread Group 1-247,text,true,,1052928,130,909,909,6826,0,0
1535747314194,6854,HTTP Request,200,OK,Thread Group 1-248,text,true,,1052928,130,913,913,6853,0,1
1535747314229,6823,HTTP Request,200,OK,Thread Group 1-66,text,true,,343,133,913,913,6823,0,0
1535747314207,6882,HTTP Request,200,OK,Thread Group 1-249,text,true,,1053134,130,917,917,6881,0,0
1535747314222,6896,HTTP Request,200,OK,Thread Group 1-250,text,true,,1053134,130,920,920,6895,0,1
1535747314232,6920,HTTP Request,200,OK,Thread Group 1-251,text,true,,1053134,130,923,923,6918,0,0
1535747314236,6951,HTTP Request,200,OK,Thread Group 1-14,text,true,,1053134,130,927,927,6951,0,0
1535747314238,6981,HTTP Request,200,OK,Thread Group 1-15,text,true,,1053134,130,930,930,6979,0,0
1535747314243,7011,HTTP Request,200,OK,Thread Group 1-252,text,true,,1053134,130,933,933,7011,0,0
1535747314253,7041,HTTP Request,200,OK,Thread Group 1-253,text,true,,1053134,130,937,937,7040,0,0
1535747314263,7065,HTTP Request,200,OK,Thread Group 1-254,text,true,,1053134,130,940,940,7065,0,0
1535747314270,7069,HTTP Request,200,OK,Thread Group 1-67,text,true,,343,133,941,941,7069,0,0
1535747314306,7036,HTTP Request,200,OK,Thread Group 1-68,text,true,,343,133,941,941,7036,0,0
1535747314273,7100,HTTP Request,200,OK,Thread Group 1-255,text,true,,1053544,130,944,944,7099,0,1
1535747314283,7125,HTTP Request,200,OK,Thread Group 1-256,text,true,,1053544,130,948,948,7124,0,1
1535747314294,7143,HTTP Request,200,OK,Thread Group 1-257,text,true,,1053544,130,950,950,7143,0,0
1535747314304,7160,HTTP Request,200,OK,Thread Group 1-258,text,true,,1053544,130,952,952,7159,0,0
1535747314313,7183,HTTP Request,200,OK,Thread Group 1-259,text,true,,1053544,130,954,954,7182,0,0
1535747314324,7202,HTTP Request,200,OK,Thread Group 1-260,text,true,,1053544,130,958,958,7201,0,0
1535747314334,7225,HTTP Request,200,OK,Thread Group 1-261,text,true,,1053544,130,961,961,7224,0,0
1535747314337,7229,HTTP Request,200,OK,Thread Group 1-69,text,true,,343,133,961,961,7229,0,0
1535747314344,7258,HTTP Request,200,OK,Thread Group 1-262,text,true,,1053750,130,965,965,7257,0,0
1535747314354,7283,HTTP Request,200,OK,Thread Group 1-263,text,true,,1053750,130,969,969,7282,0,0
1535747314364,7277,HTTP Request,200,OK,Thread Group 1-70,text,true,,343,133,969,969,7277,0,0
1535747314364,7306,HTTP Request,200,OK,Thread Group 1-264,text,true,,1053956,130,972,972,7305,0,1
1535747314375,7327,HTTP Request,200,OK,Thread Group 1-265,text,true,,1053956,130,975,975,7326,0,0
1535747314385,7346,HTTP Request,200,OK,Thread Group 1-266,text,true,,1053956,130,978,978,7345,0,0
1535747314394,7370,HTTP Request,200,OK,Thread Group 1-267,text,true,,1053956,130,981,981,7369,0,0
1535747314403,7365,HTTP Request,200,OK,Thread Group 1-3,text,true,,343,133,981,981,7365,0,0
1535747314404,7392,HTTP Request,200,OK,Thread Group 1-268,text,true,,1054162,130,984,984,7391,0,0
1535747314415,7409,HTTP Request,200,OK,Thread Group 1-269,text,true,,1054162,130,986,986,7408,0,0
1535747314425,7443,HTTP Request,200,OK,Thread Group 1-270,text,true,,1054162,130,990,990,7442,0,0
1535747314437,7470,HTTP Request,200,OK,Thread Group 1-271,text,true,,1054162,130,994,994,7469,0,0
1535747314439,7476,HTTP Request,200,OK,Thread Group 1-71,text,true,,343,133,995,995,7476,0,0
1535747314447,7499,HTTP Request,200,OK,Thread Group 1-272,text,true,,1054368,130,998,998,7498,0,0
1535747314461,7517,HTTP Request,200,OK,Thread Group 1-273,text,true,,1054368,130,1000,1000,7517,0,1
1535747314471,7534,HTTP Request,200,OK,Thread Group 1-274,text,true,,1054368,130,1000,1000,7534,0,1
1535747314476,7533,HTTP Request,200,OK,Thread Group 1-4,text,true,,343,133,1000,1000,7533,0,0
1535747314482,7553,HTTP Request,200,OK,Thread Group 1-275,text,true,,1054573,130,1000,1000,7553,0,0
1535747314492,7572,HTTP Request,200,OK,Thread Group 1-276,text,true,,1054573,130,1000,1000,7571,0,0
1535747314501,7590,HTTP Request,200,OK,Thread Group 1-277,text,true,,1054573,130,1000,1000,7589,0,0
1535747314509,7586,HTTP Request,200,OK,Thread Group 1-5,text,true,,343,133,1000,1000,7586,0,1
1535747314512,7616,HTTP Request,200,OK,Thread Group 1-278,text,true,,1054779,130,1000,1000,7614,0,0
1535747314523,7642,HTTP Request,200,OK,Thread Group 1-279,text,true,,1054779,130,1000,1000,7641,0,0
1535747314534,7663,HTTP Request,200,OK,Thread Group 1-280,text,true,,1054779,130,1000,1000,7663,0,0
1535747314536,7666,HTTP Request,200,OK,Thread Group 1-72,text,true,,343,133,1000,1000,7666,0,1
1535747314544,7686,HTTP Request,200,OK,Thread Group 1-281,text,true,,1054984,130,1000,1000,7685,0,0
1535747314555,7736,HTTP Request,200,OK,Thread Group 1-282,text,true,,1054984,130,1000,1000,7706,0,0
1535747314564,7736,HTTP Request,200,OK,Thread Group 1-283,text,true,,1054984,130,1000,1000,7735,0,0
1535747314568,7736,HTTP Request,200,OK,Thread Group 1-73,text,true,,343,133,1000,1000,7736,0,0
1535747314572,7765,HTTP Request,200,OK,Thread Group 1-17,text,true,,1055190,130,1000,1000,7764,0,0
1535747314574,7788,HTTP Request,200,OK,Thread Group 1-16,text,true,,1055190,130,1000,1000,7788,0,0
1535747314575,7813,HTTP Request,200,OK,Thread Group 1-284,text,true,,1055190,130,1000,1000,7813,0,0
1535747314585,7843,HTTP Request,200,OK,Thread Group 1-285,text,true,,1055190,130,1000,1000,7843,0,0
1535747314595,7861,HTTP Request,200,OK,Thread Group 1-286,text,true,,1055190,130,1000,1000,7860,0,0
1535747314605,7884,HTTP Request,200,OK,Thread Group 1-287,text,true,,1055190,130,1000,1000,7884,0,0
1535747314606,7888,HTTP Request,200,OK,Thread Group 1-74,text,true,,343,133,1000,1000,7888,0,0
1535747314615,7909,HTTP Request,200,OK,Thread Group 1-288,text,true,,1055395,130,1000,1000,7908,0,0
1535747314625,7926,HTTP Request,200,OK,Thread Group 1-289,text,true,,1055395,130,1000,1000,7925,0,0
1535747314635,7941,HTTP Request,200,OK,Thread Group 1-290,text,true,,1055395,130,1000,1000,7940,0,1
1535747314641,7939,HTTP Request,200,OK,Thread Group 1-75,text,true,,343,133,1000,1000,7939,0,0
1535747314645,7968,HTTP Request,200,OK,Thread Group 1-291,text,true,,1055600,130,1000,1000,7967,0,1
1535747314655,7986,HTTP Request,200,OK,Thread Group 1-292,text,true,,1055600,130,1000,1000,7986,0,1
1535747314666,8007,HTTP Request,200,OK,Thread Group 1-293,text,true,,1055600,130,1000,1000,8007,0,0
1535747314673,8009,HTTP Request,200,OK,Thread Group 1-76,text,true,,343,133,1000,1000,8009,0,0
1535747314676,8036,HTTP Request,200,OK,Thread Group 1-294,text,true,,1055806,130,1000,1000,8036,0,0
1535747314677,8061,HTTP Request,200,OK,Thread Group 1-18,text,true,,1055806,130,1000,1000,8060,0,0
1535747314686,8082,HTTP Request,200,OK,Thread Group 1-295,text,true,,1055806,130,1000,1000,8081,0,0
1535747314696,8104,HTTP Request,200,OK,Thread Group 1-296,text,true,,1055806,130,1000,1000,8104,0,0
1535747314706,8123,HTTP Request,200,OK,Thread Group 1-297,text,true,,1055806,130,1000,1000,8122,0,0
1535747314709,8123,HTTP Request,200,OK,Thread Group 1-77,text,true,,343,133,1000,1000,8123,0,0
1535747314716,8149,HTTP Request,200,OK,Thread Group 1-298,text,true,,1056012,130,1000,1000,8149,0,1
1535747314726,8167,HTTP Request,200,OK,Thread Group 1-299,text,true,,1056012,130,1000,1000,8166,0,1
1535747314736,8198,HTTP Request,200,OK,Thread Group 1-300,text,true,,1056012,130,1000,1000,8197,0,0
1535747314746,8218,HTTP Request,200,OK,Thread Group 1-301,text,true,,1056012,130,1000,1000,8217,0,1
1535747314752,8213,HTTP Request,200,OK,Thread Group 1-78,text,true,,343,133,1000,1000,8213,0,1
1535747314756,8235,HTTP Request,200,OK,Thread Group 1-302,text,true,,1056217,130,1000,1000,8234,0,1
1535747314767,8251,HTTP Request,200,OK,Thread Group 1-303,text,true,,1056217,130,1000,1000,8251,0,0
1535747314776,8272,HTTP Request,200,OK,Thread Group 1-304,text,true,,1056217,130,1000,1000,8272,0,0
1535747314786,8291,HTTP Request,200,OK,Thread Group 1-305,text,true,,1056217,130,1000,1000,8290,0,0
1535747314789,8292,HTTP Request,200,OK,Thread Group 1-79,text,true,,343,133,1000,1000,8292,0,0
1535747314797,8318,HTTP Request,200,OK,Thread Group 1-306,text,true,,1056423,130,1000,1000,8317,0,0
1535747314807,8337,HTTP Request,200,OK,Thread Group 1-307,text,true,,1056423,130,1000,1000,8336,0,0
1535747314817,8356,HTTP Request,200,OK,Thread Group 1-308,text,true,,1056423,130,1000,1000,8355,0,0
1535747314825,8349,HTTP Request,200,OK,Thread Group 1-80,text,true,,343,133,1000,1000,8349,0,1
1535747314829,8371,HTTP Request,200,OK,Thread Group 1-309,text,true,,1056629,130,1000,1000,8370,0,0
1535747314837,8398,HTTP Request,200,OK,Thread Group 1-310,text,true,,1056629,130,1000,1000,8398,0,0
1535747314847,8420,HTTP Request,200,OK,Thread Group 1-311,text,true,,1056629,130,1000,1000,8419,0,0
1535747314857,8438,HTTP Request,200,OK,Thread Group 1-312,text,true,,1056629,130,1000,1000,8437,0,1
1535747314858,8440,HTTP Request,200,OK,Thread Group 1-81,text,true,,343,133,1000,1000,8440,0,0
1535747314868,8460,HTTP Request,200,OK,Thread Group 1-313,text,true,,1056835,130,1000,1000,8460,0,0
1535747314877,8477,HTTP Request,200,OK,Thread Group 1-314,text,true,,1056835,130,1000,1000,8476,0,1
1535747314888,8495,HTTP Request,200,OK,Thread Group 1-315,text,true,,1056835,130,1000,1000,8494,0,0
1535747314893,8494,HTTP Request,200,OK,Thread Group 1-82,text,true,,343,133,1000,1000,8494,0,1
1535747314897,8516,HTTP Request,200,OK,Thread Group 1-316,text,true,,1057038,130,1000,1000,8515,0,0
1535747314907,8531,HTTP Request,200,OK,Thread Group 1-317,text,true,,1057038,130,1000,1000,8530,0,0
1535747314917,8557,HTTP Request,200,OK,Thread Group 1-318,text,true,,1057038,130,1000,1000,8556,0,0
1535747314923,8557,HTTP Request,200,OK,Thread Group 1-83,text,true,,343,133,1000,1000,8557,0,0
1535747314928,8582,HTTP Request,200,OK,Thread Group 1-319,text,true,,1057243,130,1000,1000,8581,0,0
1535747314938,8598,HTTP Request,200,OK,Thread Group 1-320,text,true,,1057243,130,1000,1000,8597,0,1
1535747314948,8616,HTTP Request,200,OK,Thread Group 1-321,text,true,,1057243,130,1000,1000,8615,0,0
1535747314956,8613,HTTP Request,200,OK,Thread Group 1-84,text,true,,343,133,1000,1000,8613,0,0
1535747314958,8637,HTTP Request,200,OK,Thread Group 1-322,text,true,,1057448,130,1000,1000,8636,0,0
1535747314967,8656,HTTP Request,200,OK,Thread Group 1-19,text,true,,1057448,130,1000,1000,8656,0,1
1535747314968,8684,HTTP Request,200,OK,Thread Group 1-323,text,true,,1057448,130,1000,1000,8683,0,1
1535747314978,8703,HTTP Request,200,OK,Thread Group 1-324,text,true,,1057448,130,1000,1000,8702,0,1
1535747314988,8734,HTTP Request,200,OK,Thread Group 1-325,text,true,,1057448,130,1000,1000,8733,0,1
1535747314996,8732,HTTP Request,200,OK,Thread Group 1-85,text,true,,343,133,1000,1000,8732,0,0
1535747315001,8807,HTTP Request,200,OK,Thread Group 1-326,text,true,,1057654,130,1000,1000,8754,0,1
1535747315008,8800,HTTP Request,200,OK,Thread Group 1-327,text,true,,1057654,130,1000,1000,8800,0,1
1535747315019,8826,HTTP Request,200,OK,Thread Group 1-328,text,true,,1057654,130,1000,1000,8825,0,0
1535747315028,8860,HTTP Request,200,OK,Thread Group 1-329,text,true,,1057654,130,1000,1000,8859,0,0
1535747315038,8880,HTTP Request,200,OK,Thread Group 1-330,text,true,,1057654,130,1000,1000,8879,0,0
1535747315042,8880,HTTP Request,200,OK,Thread Group 1-86,text,true,,343,133,1000,1000,8880,0,0
1535747315049,8901,HTTP Request,200,OK,Thread Group 1-331,text,true,,1057860,130,1000,1000,8900,0,0
1535747315059,8949,HTTP Request,200,OK,Thread Group 1-332,text,true,,1057860,130,1000,1000,8945,0,0
1535747315069,8965,HTTP Request,200,OK,Thread Group 1-333,text,true,,1057860,130,1000,1000,8964,0,0
1535747315076,8962,HTTP Request,200,OK,Thread Group 1-87,text,true,,343,133,1000,1000,8962,0,0
1535747315079,8990,HTTP Request,200,OK,Thread Group 1-334,text,true,,1058065,130,1000,1000,8989,0,0
1535747315081,9017,HTTP Request,200,OK,Thread Group 1-20,text,true,,1058065,130,1000,1000,9016,0,0
1535747315083,9044,HTTP Request,200,OK,Thread Group 1-21,text,true,,1058065,130,1000,1000,9043,0,1
1535747315089,9066,HTTP Request,200,OK,Thread Group 1-335,text,true,,1058065,130,1000,1000,9066,0,0
1535747315100,9084,HTTP Request,200,OK,Thread Group 1-336,text,true,,1058065,130,1000,1000,9084,0,0
1535747315109,9101,HTTP Request,200,OK,Thread Group 1-337,text,true,,1058065,130,1000,1000,9100,0,1
1535747315113,9098,HTTP Request,200,OK,Thread Group 1-88,text,true,,343,133,1000,1000,9098,0,0
1535747315119,9118,HTTP Request,200,OK,Thread Group 1-338,text,true,,1058271,130,1000,1000,9118,0,1
1535747315130,9136,HTTP Request,200,OK,Thread Group 1-339,text,true,,1058271,130,1000,1000,9135,0,0
1535747315139,9163,HTTP Request,200,OK,Thread Group 1-340,text,true,,1058271,130,1000,1000,9162,0,0
1535747315141,9167,HTTP Request,200,OK,Thread Group 1-89,text,true,,343,133,1000,1000,9167,0,0
1535747315149,9189,HTTP Request,200,OK,Thread Group 1-341,text,true,,1058477,130,1000,1000,9188,0,0
1535747315160,9206,HTTP Request,200,OK,Thread Group 1-342,text,true,,1058477,130,1000,1000,9206,0,0
1535747315170,9229,HTTP Request,200,OK,Thread Group 1-343,text,true,,1058477,130,1000,1000,9229,0,0
1535747315177,9227,HTTP Request,200,OK,Thread Group 1-90,text,true,,343,133,1000,1000,9227,0,0
1535747315180,9254,HTTP Request,200,OK,Thread Group 1-344,text,true,,1058683,130,1000,1000,9253,0,0
1535747315190,9276,HTTP Request,200,OK,Thread Group 1-345,text,true,,1058683,130,1000,1000,9275,0,0
1535747315200,9291,HTTP Request,200,OK,Thread Group 1-346,text,true,,1058683,130,1000,1000,9290,0,1
1535747315209,9286,HTTP Request,200,OK,Thread Group 1-91,text,true,,343,133,1000,1000,9286,0,0
1535747315210,9315,HTTP Request,200,OK,Thread Group 1-347,text,true,,1058889,130,1000,1000,9314,0,0
1535747315213,9350,HTTP Request,200,OK,Thread Group 1-22,text,true,,1058889,130,1000,1000,9350,0,0
1535747315215,9381,HTTP Request,200,OK,Thread Group 1-23,text,true,,1058889,130,1000,1000,9380,0,0
1535747315220,9405,HTTP Request,200,OK,Thread Group 1-348,text,true,,1058889,130,1000,1000,9405,0,1
1535747315230,9427,HTTP Request,200,OK,Thread Group 1-349,text,true,,1058889,130,1000,1000,9426,0,1
1535747315241,9444,HTTP Request,200,OK,Thread Group 1-350,text,true,,1058889,130,1000,1000,9444,0,0
1535747315248,9442,HTTP Request,200,OK,Thread Group 1-92,text,true,,343,133,1000,1000,9442,0,0
1535747315251,9472,HTTP Request,200,OK,Thread Group 1-351,text,true,,1059095,130,1000,1000,9471,0,0
1535747315260,9489,HTTP Request,200,OK,Thread Group 1-352,text,true,,1059095,130,1000,1000,9488,0,0
1535747315270,9504,HTTP Request,200,OK,Thread Group 1-353,text,true,,1059095,130,1000,1000,9503,0,0
1535747315278,9509,HTTP Request,200,OK,Thread Group 1-93,text,true,,343,133,1000,1000,9509,0,0
1535747315281,9536,HTTP Request,200,OK,Thread Group 1-354,text,true,,1059301,130,1000,1000,9535,0,0
1535747315291,9551,HTTP Request,200,OK,Thread Group 1-355,text,true,,1059301,130,1000,1000,9551,0,0
1535747315301,9570,HTTP Request,200,OK,Thread Group 1-356,text,true,,1059301,130,1000,1000,9569,0,0
1535747315311,9585,HTTP Request,200,OK,Thread Group 1-357,text,true,,1059301,130,1000,1000,9584,0,0
1535747315320,9580,HTTP Request,200,OK,Thread Group 1-94,text,true,,343,133,1000,1000,9580,0,0
1535747315321,9612,HTTP Request,200,OK,Thread Group 1-358,text,true,,1059507,130,1000,1000,9611,0,0
1535747315331,9631,HTTP Request,200,OK,Thread Group 1-359,text,true,,1059507,130,1000,1000,9630,0,0
1535747315341,9650,HTTP Request,200,OK,Thread Group 1-360,text,true,,1059507,130,1000,1000,9649,0,0
1535747315351,9686,HTTP Request,200,OK,Thread Group 1-361,text,true,,1059507,130,1000,1000,9685,0,1
1535747315355,9687,HTTP Request,200,OK,Thread Group 1-95,text,true,,343,133,1000,1000,9687,0,0
1535747315361,9711,HTTP Request,200,OK,Thread Group 1-362,text,true,,1059712,130,1000,1000,9710,0,1
1535747315372,9729,HTTP Request,200,OK,Thread Group 1-363,text,true,,1059712,130,1000,1000,9728,0,0
1535747315381,9752,HTTP Request,200,OK,Thread Group 1-364,text,true,,1059712,130,1000,1000,9751,0,0
1535747315382,9755,HTTP Request,200,OK,Thread Group 1-96,text,true,,343,133,1000,1000,9755,0,0
1535747315386,9781,HTTP Request,200,OK,Thread Group 1-24,text,true,,1059917,130,1000,1000,9780,0,0
1535747315391,9808,HTTP Request,200,OK,Thread Group 1-365,text,true,,1059917,130,1000,1000,9807,0,0
1535747315401,9823,HTTP Request,200,OK,Thread Group 1-366,text,true,,1059917,130,1000,1000,9823,0,0
1535747315412,9840,HTTP Request,200,OK,Thread Group 1-367,text,true,,1059917,130,1000,1000,9839,0,0
1535747315419,9837,HTTP Request,200,OK,Thread Group 1-97,text,true,,343,133,1000,1000,9837,0,0
1535747315422,9901,HTTP Request,200,OK,Thread Group 1-368,text,true,,1060122,130,1000,1000,9868,0,0
1535747315432,9903,HTTP Request,200,OK,Thread Group 1-369,text,true,,1060122,130,1000,1000,9902,0,0
1535747315442,9926,HTTP Request,200,OK,Thread Group 1-370,text,true,,1060122,130,1000,1000,9926,0,0
1535747315452,9947,HTTP Request,200,OK,Thread Group 1-371,text,true,,1060122,130,1000,1000,9946,0,1
1535747315453,9950,HTTP Request,200,OK,Thread Group 1-98,text,true,,343,133,1000,1000,9950,0,0
1535747315462,9975,HTTP Request,200,OK,Thread Group 1-372,text,true,,1060327,130,1000,1000,9974,0,1
1535747315472,9994,HTTP Request,200,OK,Thread Group 1-373,text,true,,1060327,130,1000,1000,9994,0,1
1535747315481,9987,HTTP Request,200,OK,Thread Group 1-99,text,true,,343,133,1000,1000,9987,0,0
1535747315483,10016,HTTP Request,200,OK,Thread Group 1-374,text,true,,1060532,130,1000,1000,10015,0,0
1535747315493,10033,HTTP Request,200,OK,Thread Group 1-375,text,true,,1060532,130,1000,1000,10032,0,0
1535747315503,10050,HTTP Request,200,OK,Thread Group 1-376,text,true,,1060532,130,1000,1000,10049,0,0
1535747315512,10080,HTTP Request,200,OK,Thread Group 1-377,text,true,,1060532,130,1000,1000,10080,0,0
1535747315514,10084,HTTP Request,200,OK,Thread Group 1-100,text,true,,343,133,1000,1000,10084,0,0
1535747315522,10103,HTTP Request,200,OK,Thread Group 1-378,text,true,,1060738,130,1000,1000,10103,0,0
1535747315533,10118,HTTP Request,200,OK,Thread Group 1-379,text,true,,1060738,130,1000,1000,10118,0,0
1535747315541,10112,HTTP Request,200,OK,Thread Group 1-101,text,true,,343,133,1000,1000,10112,0,1
1535747315543,10143,HTTP Request,200,OK,Thread Group 1-380,text,true,,1060943,130,1000,1000,10142,0,0
1535747315553,10162,HTTP Request,200,OK,Thread Group 1-381,text,true,,1060943,130,1000,1000,10162,0,0
1535747315564,10181,HTTP Request,200,OK,Thread Group 1-382,text,true,,1060943,130,1000,1000,10181,0,0
1535747315574,10201,HTTP Request,200,OK,Thread Group 1-383,text,true,,1060943,130,1000,1000,10200,0,0
1535747315585,10221,HTTP Request,200,OK,Thread Group 1-384,text,true,,1060943,130,1000,1000,10220,0,0
1535747315585,10230,HTTP Request,200,OK,Thread Group 1-102,text,true,,343,133,1000,1000,10230,0,1
1535747315594,10252,HTTP Request,200,OK,Thread Group 1-385,text,true,,1061149,130,1000,1000,10252,0,0
1535747315604,10269,HTTP Request,200,OK,Thread Group 1-386,text,true,,1061149,130,1000,1000,10268,0,0
1535747315614,10290,HTTP Request,200,OK,Thread Group 1-387,text,true,,1061149,130,1000,1000,10289,0,0
1535747315621,10287,HTTP Request,200,OK,Thread Group 1-103,text,true,,343,133,1000,1000,10287,0,0
1535747315624,10310,HTTP Request,200,OK,Thread Group 1-388,text,true,,1061354,130,1000,1000,10309,0,0
1535747315625,10342,HTTP Request,200,OK,Thread Group 1-25,text,true,,1061354,130,1000,1000,10341,0,0
1535747315635,10361,HTTP Request,200,OK,Thread Group 1-389,text,true,,1061354,130,1000,1000,10361,0,0
1535747315645,10381,HTTP Request,200,OK,Thread Group 1-390,text,true,,1061354,130,1000,1000,10380,0,11
1535747315655,10414,HTTP Request,200,OK,Thread Group 1-391,text,true,,1061354,130,1000,1000,10414,0,1
1535747315868,10206,HTTP Request,200,OK,Thread Group 1-6,text,true,,343,133,1000,1000,10206,0,1
1535747315874,10203,HTTP Request,200,OK,Thread Group 1-108,text,true,,343,133,1000,1000,10203,0,0
1535747315875,10229,HTTP Request,200,OK,Thread Group 1-28,text,true,,1061766,130,1000,1000,10228,0,0
1535747315882,10248,HTTP Request,200,OK,Thread Group 1-27,text,true,,1061766,130,1000,1000,10247,0,0
1535747315883,10249,HTTP Request,200,OK,Thread Group 1-107,text,true,,343,133,1000,1000,10249,0,0
1535747315884,10249,HTTP Request,200,OK,Thread Group 1-106,text,true,,343,133,1000,1000,10249,0,0
1535747315884,10350,HTTP Request,200,OK,Thread Group 1-413,text,true,,1062178,130,1000,1000,10282,0,1
1535747315885,10350,HTTP Request,200,OK,Thread Group 1-412,text,true,,1062178,130,1000,1000,10349,0,0
1535747315885,10361,HTTP Request,200,OK,Thread Group 1-411,text,true,,1062178,130,1000,1000,10360,0,0
1535747315885,10392,HTTP Request,200,OK,Thread Group 1-410,text,true,,1062178,130,1000,1000,10390,0,0
1535747315890,10416,HTTP Request,200,OK,Thread Group 1-409,text,true,,1062178,130,1000,1000,10414,0,0
1535747315891,10446,HTTP Request,200,OK,Thread Group 1-408,text,true,,1062178,130,1000,1000,10445,0,0
1535747315891,10523,HTTP Request,200,OK,Thread Group 1-414,text,true,,1062178,130,1000,1000,10522,0,0
1535747315891,10533,HTTP Request,200,OK,Thread Group 1-406,text,true,,1062178,130,1000,1000,10532,0,1
1535747315892,10565,HTTP Request,200,OK,Thread Group 1-405,text,true,,1062178,130,1000,1000,10564,0,0
1535747315893,10593,HTTP Request,200,OK,Thread Group 1-404,text,true,,1062178,130,1000,1000,10592,0,0
1535747315894,10629,HTTP Request,200,OK,Thread Group 1-403,text,true,,1062178,130,1000,1000,10628,0,0
1535747315894,10661,HTTP Request,200,OK,Thread Group 1-402,text,true,,1062178,130,1000,1000,10660,0,1
1535747315896,10689,HTTP Request,200,OK,Thread Group 1-400,text,true,,1062178,130,1000,1000,10689,0,0
1535747315898,10723,HTTP Request,200,OK,Thread Group 1-407,text,true,,1062178,130,1000,1000,10722,0,0
1535747315898,10727,HTTP Request,200,OK,Thread Group 1-105,text,true,,343,133,1000,1000,10727,0,0
1535747315898,10759,HTTP Request,200,OK,Thread Group 1-397,text,true,,1062384,130,1000,1000,10758,0,1
1535747315898,10791,HTTP Request,200,OK,Thread Group 1-401,text,true,,1062384,130,1000,1000,10790,0,1
1535747315897,10821,HTTP Request,200,OK,Thread Group 1-398,text,true,,1062384,130,1000,1000,10820,0,2
1535747315899,10858,HTTP Request,200,OK,Thread Group 1-399,text,true,,1062384,130,1000,1000,10857,0,0
1535747315899,10890,HTTP Request,200,OK,Thread Group 1-415,text,true,,1062384,130,1000,1000,10890,0,0
1535747315900,10918,HTTP Request,200,OK,Thread Group 1-395,text,true,,1062384,130,1000,1000,10918,0,0
1535747315900,10922,HTTP Request,200,OK,Thread Group 1-104,text,true,,343,133,1000,1000,10922,0,0
1535747315900,10949,HTTP Request,200,OK,Thread Group 1-396,text,true,,1062590,130,1000,1000,10948,0,0
1535747315900,10978,HTTP Request,200,OK,Thread Group 1-394,text,true,,1062590,130,1000,1000,10978,0,0
1535747315900,11008,HTTP Request,200,OK,Thread Group 1-393,text,true,,1062590,130,1000,1000,11007,0,1
1535747315901,11040,HTTP Request,200,OK,Thread Group 1-392,text,true,,1062590,130,1000,1000,11039,0,0
1535747315901,11067,HTTP Request,200,OK,Thread Group 1-26,text,true,,1062590,130,1000,1000,11066,0,0
1535747315907,11090,HTTP Request,200,OK,Thread Group 1-416,text,true,,1062590,130,1000,1000,11089,0,1
1535747315920,11103,HTTP Request,200,OK,Thread Group 1-417,text,true,,1062590,130,1000,1000,11102,0,0
1535747315927,11105,HTTP Request,200,OK,Thread Group 1-109,text,true,,343,133,1000,1000,11105,0,0
1535747315928,11134,HTTP Request,200,OK,Thread Group 1-418,text,true,,1062796,130,1000,1000,11133,0,0
1535747315938,11150,HTTP Request,200,OK,Thread Group 1-419,text,true,,1062796,130,1000,1000,11149,0,0
1535747315947,11170,HTTP Request,200,OK,Thread Group 1-420,text,true,,1062796,130,1000,1000,11169,0,1
1535747315958,11188,HTTP Request,200,OK,Thread Group 1-421,text,true,,1062796,130,1000,1000,11187,0,1
1535747315968,11182,HTTP Request,200,OK,Thread Group 1-110,text,true,,343,133,1000,1000,11182,0,0
1535747315970,11219,HTTP Request,200,OK,Thread Group 1-422,text,true,,1063002,130,1000,1000,11218,0,0
1535747315978,11242,HTTP Request,200,OK,Thread Group 1-423,text,true,,1063002,130,1000,1000,11241,0,1
1535747316006,11243,HTTP Request,200,OK,Thread Group 1-424,text,true,,1063002,130,1000,1000,11243,0,1
1535747316006,11284,HTTP Request,200,OK,Thread Group 1-425,text,true,,1063002,130,1000,1000,11283,0,1
1535747316012,11288,HTTP Request,200,OK,Thread Group 1-111,text,true,,343,133,1000,1000,11288,0,1
1535747316013,11381,HTTP Request,200,OK,Thread Group 1-426,text,true,,1063208,130,1000,1000,11318,0,0
1535747316019,11380,HTTP Request,200,OK,Thread Group 1-427,text,true,,1063208,130,1000,1000,11375,0,1
1535747316030,11378,HTTP Request,200,OK,Thread Group 1-428,text,true,,1063208,130,1000,1000,11377,0,1
1535747316040,11402,HTTP Request,200,OK,Thread Group 1-429,text,true,,1063208,130,1000,1000,11401,0,1
1535747316045,11401,HTTP Request,200,OK,Thread Group 1-112,text,true,,343,133,1000,1000,11401,0,1
1535747316050,11430,HTTP Request,200,OK,Thread Group 1-430,text,true,,1063413,130,1000,1000,11429,0,1
1535747316060,11446,HTTP Request,200,OK,Thread Group 1-431,text,true,,1063413,130,1000,1000,11445,0,1
1535747316070,11466,HTTP Request,200,OK,Thread Group 1-432,text,true,,1063413,130,1000,1000,11465,0,1
1535747316077,11464,HTTP Request,200,OK,Thread Group 1-113,text,true,,343,133,1000,1000,11464,0,1
1535747316080,11499,HTTP Request,200,OK,Thread Group 1-433,text,true,,1063619,130,1000,1000,11498,0,1
1535747316091,11519,HTTP Request,200,OK,Thread Group 1-434,text,true,,1063619,130,1000,1000,11518,0,1
1535747316101,11535,HTTP Request,200,OK,Thread Group 1-435,text,true,,1063619,130,1000,1000,11535,0,1
1535747316111,11557,HTTP Request,200,OK,Thread Group 1-436,text,true,,1063619,130,1000,1000,11556,0,1
1535747316112,11560,HTTP Request,200,OK,Thread Group 1-114,text,true,,343,133,1000,1000,11560,0,1
1535747316121,11579,HTTP Request,200,OK,Thread Group 1-437,text,true,,1063825,130,1000,1000,11578,0,0
1535747316131,11598,HTTP Request,200,OK,Thread Group 1-438,text,true,,1063825,130,1000,1000,11597,0,0
1535747316141,11589,HTTP Request,200,OK,Thread Group 1-115,text,true,,343,133,1000,1000,11589,0,0
1535747316141,11618,HTTP Request,200,OK,Thread Group 1-439,text,true,,1064030,130,1000,1000,11617,0,0
1535747316149,11636,HTTP Request,200,OK,Thread Group 1-29,text,true,,1064030,130,1000,1000,11635,0,1
1535747316152,11672,HTTP Request,200,OK,Thread Group 1-440,text,true,,1064030,130,1000,1000,11672,0,0
1535747316155,11700,HTTP Request,200,OK,Thread Group 1-1,text,true,,1064030,130,1000,1000,11699,0,0
1535747316161,11720,HTTP Request,200,OK,Thread Group 1-441,text,true,,1064030,130,1000,1000,11719,0,0
1535747316171,11740,HTTP Request,200,OK,Thread Group 1-442,text,true,,1064030,130,1000,1000,11740,0,0
1535747316181,11759,HTTP Request,200,OK,Thread Group 1-443,text,true,,1064030,130,1000,1000,11758,0,0
1535747316187,11757,HTTP Request,200,OK,Thread Group 1-116,text,true,,343,133,1000,1000,11757,0,1
1535747316192,11783,HTTP Request,200,OK,Thread Group 1-444,text,true,,1064236,130,1000,1000,11782,0,0
1535747316202,11798,HTTP Request,200,OK,Thread Group 1-445,text,true,,1064236,130,1000,1000,11797,0,0
1535747316219,11832,HTTP Request,200,OK,Thread Group 1-117,text,true,,343,133,1000,1000,11832,0,0
1535747316212,11839,HTTP Request,200,OK,Thread Group 1-446,text,true,,1064236,130,1000,1000,11813,0,0
1535747316222,11875,HTTP Request,200,OK,Thread Group 1-447,text,true,,1064441,130,1000,1000,11859,0,1
1535747316232,11884,HTTP Request,200,OK,Thread Group 1-448,text,true,,1064441,130,1000,1000,11883,0,1
1535747316242,11909,HTTP Request,200,OK,Thread Group 1-449,text,true,,1064441,130,1000,1000,11908,0,0
1535747316252,11929,HTTP Request,200,OK,Thread Group 1-450,text,true,,1064441,130,1000,1000,11929,0,1
1535747316253,11930,HTTP Request,200,OK,Thread Group 1-118,text,true,,343,133,1000,1000,11930,0,0
1535747316262,11956,HTTP Request,200,OK,Thread Group 1-451,text,true,,1064646,130,1000,1000,11955,0,0
1535747316272,11988,HTTP Request,200,OK,Thread Group 1-452,text,true,,1064646,130,1000,1000,11986,0,0
1535747316282,12010,HTTP Request,200,OK,Thread Group 1-453,text,true,,1064646,130,1000,1000,12010,0,0
1535747316286,12016,HTTP Request,200,OK,Thread Group 1-119,text,true,,343,133,1000,1000,12016,0,0
1535747316292,12041,HTTP Request,200,OK,Thread Group 1-454,text,true,,1064852,130,1000,1000,12041,0,0
1535747316302,12057,HTTP Request,200,OK,Thread Group 1-455,text,true,,1064852,130,1000,1000,12056,0,0
1535747316313,12074,HTTP Request,200,OK,Thread Group 1-456,text,true,,1064852,130,1000,1000,12074,0,0
1535747316323,12090,HTTP Request,200,OK,Thread Group 1-457,text,true,,1064852,130,1000,1000,12089,0,0
1535747316325,12092,HTTP Request,200,OK,Thread Group 1-120,text,true,,343,133,1000,1000,12092,0,0
1535747316333,12114,HTTP Request,200,OK,Thread Group 1-458,text,true,,1065056,130,1000,1000,12114,0,1
1535747316343,12130,HTTP Request,200,OK,Thread Group 1-459,text,true,,1065056,130,1000,1000,12129,0,0
1535747316353,12154,HTTP Request,200,OK,Thread Group 1-460,text,true,,1065056,130,1000,1000,12154,0,0
1535747316363,12176,HTTP Request,200,OK,Thread Group 1-461,text,true,,1065056,130,1000,1000,12175,0,0
1535747316364,12179,HTTP Request,200,OK,Thread Group 1-121,text,true,,343,133,1000,1000,12179,0,0
1535747316373,12200,HTTP Request,200,OK,Thread Group 1-462,text,true,,1065261,130,1000,1000,12199,0,0
1535747316383,12239,HTTP Request,200,OK,Thread Group 1-463,text,true,,1065261,130,1000,1000,12222,0,1
1535747316393,12251,HTTP Request,200,OK,Thread Group 1-464,text,true,,1065261,130,1000,1000,12250,0,0
1535747316395,12253,HTTP Request,200,OK,Thread Group 1-122,text,true,,343,133,1000,1000,12253,0,0
1535747316403,12279,HTTP Request,200,OK,Thread Group 1-465,text,true,,1065467,130,1000,1000,12278,0,0
1535747316413,12295,HTTP Request,200,OK,Thread Group 1-466,text,true,,1065467,130,1000,1000,12294,0,0
1535747316431,12328,HTTP Request,200,OK,Thread Group 1-123,text,true,,343,133,1000,1000,12328,0,0
1535747316423,12349,HTTP Request,200,OK,Thread Group 1-467,text,true,,1065467,130,1000,1000,12313,0,0
1535747316434,12352,HTTP Request,200,OK,Thread Group 1-468,text,true,,1065672,130,1000,1000,12350,0,1
1535747316444,12377,HTTP Request,200,OK,Thread Group 1-469,text,true,,1065672,130,1000,1000,12376,0,0
1535747316454,12397,HTTP Request,200,OK,Thread Group 1-470,text,true,,1065672,130,1000,1000,12396,0,1
1535747316463,12392,HTTP Request,200,OK,Thread Group 1-124,text,true,,343,133,1000,1000,12392,0,1
1535747316464,12423,HTTP Request,200,OK,Thread Group 1-471,text,true,,1065878,130,1000,1000,12421,0,0
1535747316474,12492,HTTP Request,200,OK,Thread Group 1-472,text,true,,1065878,130,1000,1000,12460,0,0
1535747316484,12482,HTTP Request,200,OK,Thread Group 1-473,text,true,,1065878,130,1000,1000,12480,0,0
1535747316492,12474,HTTP Request,200,OK,Thread Group 1-125,text,true,,343,133,1000,1000,12474,0,0
1535747316494,12501,HTTP Request,200,OK,Thread Group 1-474,text,true,,1066084,130,1000,1000,12500,0,0
1535747316504,12518,HTTP Request,200,OK,Thread Group 1-475,text,true,,1066084,130,1000,1000,12517,0,0
1535747316514,12547,HTTP Request,200,OK,Thread Group 1-476,text,true,,1066084,130,1000,1000,12546,0,0
1535747316520,12546,HTTP Request,200,OK,Thread Group 1-126,text,true,,343,133,1000,1000,12546,0,1
1535747316524,12586,HTTP Request,200,OK,Thread Group 1-477,text,true,,1066290,130,1000,1000,12570,0,0
1535747316525,12601,HTTP Request,200,OK,Thread Group 1-2,text,true,,1066290,130,1000,1000,12600,0,0
1535747316532,12627,HTTP Request,200,OK,Thread Group 1-30,text,true,,1066290,130,1000,1000,12626,0,0
1535747316534,12669,HTTP Request,200,OK,Thread Group 1-478,text,true,,1066290,130,1000,1000,12650,0,0
1535747316545,12690,HTTP Request,200,OK,Thread Group 1-479,text,true,,1066290,130,1000,1000,12673,0,0
1535747316555,12695,HTTP Request,200,OK,Thread Group 1-480,text,true,,1066290,130,1000,1000,12694,0,0
1535747316564,12690,HTTP Request,200,OK,Thread Group 1-127,text,true,,343,133,1000,1000,12690,0,0
1535747316565,12722,HTTP Request,200,OK,Thread Group 1-481,text,true,,1066495,130,1000,1000,12721,0,0
1535747316575,12775,HTTP Request,200,OK,Thread Group 1-482,text,true,,1066495,130,1000,1000,12757,0,0
1535747316585,12790,HTTP Request,200,OK,Thread Group 1-483,text,true,,1066495,130,1000,1000,12789,0,0
1535747316593,12785,HTTP Request,200,OK,Thread Group 1-128,text,true,,343,133,1000,1000,12785,0,0
1535747316595,12840,HTTP Request,200,OK,Thread Group 1-484,text,true,,1066699,130,1000,1000,12824,0,0
1535747316605,12865,HTTP Request,200,OK,Thread Group 1-485,text,true,,1066699,130,1000,1000,12851,0,0
1535747316615,12888,HTTP Request,200,OK,Thread Group 1-486,text,true,,1066699,130,1000,1000,12874,0,0
1535747316626,12923,HTTP Request,200,OK,Thread Group 1-129,text,true,,343,133,1000,1000,12923,0,0
1535747316625,12925,HTTP Request,200,OK,Thread Group 1-487,text,true,,1066699,130,1000,1000,12909,0,0
1535747316632,12956,HTTP Request,200,OK,Thread Group 1-31,text,true,,1066905,130,1000,1000,12938,0,0
1535747316676,13222,HTTP Request,200,OK,Thread Group 1-492,text,true,,1067111,130,1000,1000,13208,0,0
1535747316666,13232,HTTP Request,200,OK,Thread Group 1-491,text,true,,1066905,130,1000,1000,13231,0,0
1535747316686,13214,HTTP Request,200,OK,Thread Group 1-493,text,true,,1067111,130,1000,1000,13212,0,0
1535747316656,13244,HTTP Request,200,OK,Thread Group 1-490,text,true,,1066905,130,1000,1000,13243,0,0
1535747316700,13203,HTTP Request,200,OK,Thread Group 1-131,text,true,,343,133,1000,1000,13203,0,0
1535747316635,13268,HTTP Request,200,OK,Thread Group 1-488,text,true,,1066905,130,1000,1000,12978,0,0
1535747316668,13235,HTTP Request,200,OK,Thread Group 1-130,text,true,,343,133,1000,1000,13235,0,1
1535747316645,13259,HTTP Request,200,OK,Thread Group 1-489,text,true,,1066905,130,1000,1000,13255,0,0
1535747316638,13270,HTTP Request,200,OK,Thread Group 1-32,text,true,,1066905,130,1000,1000,13262,0,0
1535747316696,13214,HTTP Request,200,OK,Thread Group 1-494,text,true,,1067111,130,1000,1000,13210,0,0
1535747316706,13219,HTTP Request,200,OK,Thread Group 1-495,text,true,,1067317,130,1000,1000,13218,0,0
1535747316716,13268,HTTP Request,200,OK,Thread Group 1-496,text,true,,1067317,130,1000,1000,13245,0,0
1535747316726,13278,HTTP Request,200,OK,Thread Group 1-497,text,true,,1067317,130,1000,1000,13277,0,0
1535747316728,13281,HTTP Request,200,OK,Thread Group 1-132,text,true,,343,133,1000,1000,13281,0,0
1535747316736,13313,HTTP Request,200,OK,Thread Group 1-498,text,true,,1067523,130,1000,1000,13312,0,0
1535747316746,13365,HTTP Request,200,OK,Thread Group 1-499,text,true,,1067523,130,1000,1000,13364,0,0
1535747316756,13386,HTTP Request,200,OK,Thread Group 1-500,text,true,,1067523,130,1000,1000,13385,0,0
1535747316767,13404,HTTP Request,200,OK,Thread Group 1-501,text,true,,1067523,130,1000,1000,13403,0,0
1535747316775,13398,HTTP Request,200,OK,Thread Group 1-133,text,true,,343,133,1000,1000,13398,0,0
1535747316778,13427,HTTP Request,200,OK,Thread Group 1-502,text,true,,1067728,130,1000,1000,13427,0,0
1535747316788,13446,HTTP Request,200,OK,Thread Group 1-503,text,true,,1067728,130,1000,1000,13445,0,0
1535747316804,13475,HTTP Request,200,OK,Thread Group 1-134,text,true,,343,133,1000,1000,13475,0,0
1535747316798,13494,HTTP Request,200,OK,Thread Group 1-504,text,true,,1067728,130,1000,1000,13468,0,0
1535747316808,13502,HTTP Request,200,OK,Thread Group 1-505,text,true,,1067934,130,1000,1000,13501,0,0
1535747316817,13522,HTTP Request,200,OK,Thread Group 1-506,text,true,,1067934,130,1000,1000,13521,0,0
1535747316828,13572,HTTP Request,200,OK,Thread Group 1-507,text,true,,1067934,130,1000,1000,13571,0,0
1535747316838,13597,HTTP Request,200,OK,Thread Group 1-508,text,true,,1067934,130,1000,1000,13595,0,0
1535747316839,13599,HTTP Request,200,OK,Thread Group 1-135,text,true,,343,133,1000,1000,13599,0,0
1535747316848,13630,HTTP Request,200,OK,Thread Group 1-509,text,true,,1068140,130,1000,1000,13629,0,0
1535747316858,13654,HTTP Request,200,OK,Thread Group 1-510,text,true,,1068140,130,1000,1000,13653,0,0
1535747316868,13673,HTTP Request,200,OK,Thread Group 1-511,text,true,,1068140,130,1000,1000,13672,0,0
1535747316875,13669,HTTP Request,200,OK,Thread Group 1-136,text,true,,343,133,1000,1000,13669,0,0
1535747316878,13700,HTTP Request,200,OK,Thread Group 1-512,text,true,,1068345,130,1000,1000,13699,0,0
1535747316887,13749,HTTP Request,200,OK,Thread Group 1-513,text,true,,1068345,130,1000,1000,13718,0,0
1535747316897,13749,HTTP Request,200,OK,Thread Group 1-514,text,true,,1068345,130,1000,1000,13747,0,0
1535747316908,13771,HTTP Request,200,OK,Thread Group 1-515,text,true,,1068345,130,1000,1000,13769,0,0
1535747316917,13767,HTTP Request,200,OK,Thread Group 1-137,text,true,,343,133,1000,1000,13767,0,1
1535747316918,13804,HTTP Request,200,OK,Thread Group 1-516,text,true,,1068550,130,1000,1000,13803,0,1
1535747316919,13838,HTTP Request,200,OK,Thread Group 1-33,text,true,,1068550,130,1000,1000,13837,0,1
1535747316928,13877,HTTP Request,200,OK,Thread Group 1-517,text,true,,1068550,130,1000,1000,13869,0,0
1535747316938,13888,HTTP Request,200,OK,Thread Group 1-518,text,true,,1068550,130,1000,1000,13887,0,0
1535747316954,13918,HTTP Request,200,OK,Thread Group 1-138,text,true,,343,133,1000,1000,13918,0,1
1535747316949,13935,HTTP Request,200,OK,Thread Group 1-519,text,true,,1068550,130,1000,1000,13903,0,0
1535747316958,13945,HTTP Request,200,OK,Thread Group 1-520,text,true,,1068756,130,1000,1000,13944,0,0
1535747316969,13963,HTTP Request,200,OK,Thread Group 1-521,text,true,,1068756,130,1000,1000,13961,0,0
1535747316978,13994,HTTP Request,200,OK,Thread Group 1-522,text,true,,1068756,130,1000,1000,13987,0,0
1535747316986,13990,HTTP Request,200,OK,Thread Group 1-139,text,true,,343,133,1000,1000,13990,0,0
1535747316988,14029,HTTP Request,200,OK,Thread Group 1-523,text,true,,1068961,130,1000,1000,14028,0,1
1535747316999,14058,HTTP Request,200,OK,Thread Group 1-524,text,true,,1068961,130,1000,1000,14056,0,0
1535747317018,14080,HTTP Request,200,OK,Thread Group 1-140,text,true,,343,133,1000,1000,14080,0,0
1535747317010,14102,HTTP Request,200,OK,Thread Group 1-525,text,true,,1068961,130,1000,1000,14073,0,0
1535747317019,14112,HTTP Request,200,OK,Thread Group 1-526,text,true,,1069166,130,1000,1000,14111,0,0
1535747317022,14141,HTTP Request,200,OK,Thread Group 1-34,text,true,,1069166,130,1000,1000,14140,0,0
1535747317029,14171,HTTP Request,200,OK,Thread Group 1-527,text,true,,1069166,130,1000,1000,14170,0,0
1535747317039,14215,HTTP Request,200,OK,Thread Group 1-528,text,true,,1069166,130,1000,1000,14188,0,0
1535747317058,14238,HTTP Request,200,OK,Thread Group 1-141,text,true,,343,133,1000,1000,14238,0,0
1535747317049,14254,HTTP Request,200,OK,Thread Group 1-529,text,true,,1069166,130,1000,1000,14247,0,0
1535747317059,14264,HTTP Request,200,OK,Thread Group 1-530,text,true,,1069372,130,1000,1000,14263,0,0
1535747317069,14306,HTTP Request,200,OK,Thread Group 1-531,text,true,,1069372,130,1000,1000,14281,0,0
1535747317079,14310,HTTP Request,200,OK,Thread Group 1-532,text,true,,1069372,130,1000,1000,14308,0,0
1535747317089,14303,HTTP Request,200,OK,Thread Group 1-142,text,true,,343,133,1000,1000,14303,0,0
1535747317090,14345,HTTP Request,200,OK,Thread Group 1-533,text,true,,1069578,130,1000,1000,14329,0,0
1535747317103,14364,HTTP Request,200,OK,Thread Group 1-534,text,true,,1069578,130,1000,1000,14363,0,0
1535747317110,14399,HTTP Request,200,OK,Thread Group 1-535,text,true,,1069578,130,1000,1000,14384,0,0
1535747317126,14410,HTTP Request,200,OK,Thread Group 1-143,text,true,,343,133,1000,1000,14410,0,0
1535747317120,14416,HTTP Request,200,OK,Thread Group 1-536,text,true,,1069578,130,1000,1000,14407,0,1
1535747317130,14507,HTTP Request,200,OK,Thread Group 1-537,text,true,,1069784,130,1000,1000,14459,0,0
1535747317140,14741,HTTP Request,200,OK,Thread Group 1-538,text,true,,1069784,130,1000,1000,14497,0,0
1535747317200,14681,HTTP Request,200,OK,Thread Group 1-544,text,true,,1070196,130,1000,1000,14680,0,1
1535747317188,14694,HTTP Request,200,OK,Thread Group 1-8,text,true,,343,133,1000,1000,14694,0,0
1535747317157,14726,HTTP Request,200,OK,Thread Group 1-7,text,true,,343,133,1000,1000,14726,0,0
1535747317170,14726,HTTP Request,200,OK,Thread Group 1-541,text,true,,1069990,130,1000,1000,14712,0,0
1535747317180,14724,HTTP Request,200,OK,Thread Group 1-542,text,true,,1069990,130,1000,1000,14702,0,0
1535747317190,14733,HTTP Request,200,OK,Thread Group 1-543,text,true,,1070196,130,1000,1000,14692,0,0
1535747317150,14773,HTTP Request,200,OK,Thread Group 1-539,text,true,,1069784,130,1000,1000,14733,0,0
1535747317160,14774,HTTP Request,200,OK,Thread Group 1-540,text,true,,1069990,130,1000,1000,14722,0,0
1535747317210,14725,HTTP Request,200,OK,Thread Group 1-545,text,true,,1070196,130,1000,1000,14714,0,0
1535747317221,14743,HTTP Request,200,OK,Thread Group 1-546,text,true,,1070196,130,1000,1000,14729,0,0
1535747317227,14737,HTTP Request,200,OK,Thread Group 1-144,text,true,,343,133,1000,1000,14737,0,0
1535747317231,14773,HTTP Request,200,OK,Thread Group 1-547,text,true,,1070402,130,1000,1000,14759,0,1
1535747317241,14804,HTTP Request,200,OK,Thread Group 1-548,text,true,,1070402,130,1000,1000,14782,0,0
1535747317260,14834,HTTP Request,200,OK,Thread Group 1-145,text,true,,343,133,1000,1000,14834,0,0
1535747317251,14843,HTTP Request,200,OK,Thread Group 1-549,text,true,,1070402,130,1000,1000,14825,0,1
1535747317330,15045,HTTP Request,200,OK,Thread Group 1-147,text,true,,343,133,1000,1000,15045,0,1
1535747317262,15124,HTTP Request,200,OK,Thread Group 1-550,text,true,,1070608,130,1000,1000,14851,0,0
1535747317311,15076,HTTP Request,200,OK,Thread Group 1-555,text,true,,1070813,130,1000,1000,15075,0,0
1535747317363,15272,HTTP Request,200,OK,Thread Group 1-148,text,true,,343,133,1000,1000,15272,0,0
1535747317296,15340,HTTP Request,200,OK,Thread Group 1-146,text,true,,343,133,1000,1000,15340,0,0
1535747317321,15330,HTTP Request,200,OK,Thread Group 1-556,text,true,,1070813,130,1000,1000,15054,0,0
1535747317331,15331,HTTP Request,200,OK,Thread Group 1-557,text,true,,1071019,130,1000,1000,15320,0,0
1535747317492,15661,HTTP Request,200,OK,Thread Group 1-152,text,true,,343,133,1000,1000,15661,0,0
1535747317460,15702,HTTP Request,200,OK,Thread Group 1-151,text,true,,343,133,1000,1000,15702,0,1
1535747317542,15837,HTTP Request,200,OK,Thread Group 1-153,text,true,,343,133,1000,1000,15837,0,0
1535747317301,16078,HTTP Request,200,OK,Thread Group 1-554,text,true,,1070813,130,1000,1000,15086,0,1
1535747317601,16017,HTTP Request,200,OK,Thread Group 1-155,text,true,,343,133,1000,1000,16017,0,0
1535747317638,17806,HTTP Request,200,OK,Thread Group 1-156,text,true,,343,133,1000,1000,17806,0,0
1535747317429,15469,HTTP Request,200,OK,Thread Group 1-150,text,true,,343,133,1000,1000,15469,0,0
1535747317395,18068,HTTP Request,200,OK,Thread Group 1-149,text,true,,343,133,999,999,18068,0,0
1535747318071,17625,HTTP Request,200,OK,Thread Group 1-169,text,true,,343,133,999,999,17625,0,0
1535747318139,17977,HTTP Request,200,OK,Thread Group 1-171,text,true,,343,133,999,999,17977,0,1
1535747317672,18456,HTTP Request,200,OK,Thread Group 1-157,text,true,,343,133,999,999,18456,0,1
1535747318106,18247,HTTP Request,200,OK,Thread Group 1-170,text,true,,343,133,999,999,18247,0,0
1535747318169,18203,HTTP Request,200,OK,Thread Group 1-172,text,true,,343,133,999,999,18203,0,0
1535747317707,19332,HTTP Request,200,OK,Thread Group 1-158,text,true,,343,133,999,999,19332,0,0
1535747317743,20584,HTTP Request,200,OK,Thread Group 1-159,text,true,,343,133,999,999,20584,0,1
1535747318820,19956,HTTP Request,200,OK,Thread Group 1-184,text,true,,343,133,999,999,19955,0,0
1535747318818,20393,HTTP Request,200,OK,Thread Group 1-186,text,true,,343,133,999,999,20393,0,1
1535747318818,20393,HTTP Request,200,OK,Thread Group 1-185,text,true,,343,133,999,999,20393,0,0
1535747319030,20651,HTTP Request,200,OK,Thread Group 1-193,text,true,,343,133,999,999,20651,0,0
1535747318996,21092,HTTP Request,200,OK,Thread Group 1-192,text,true,,343,133,999,999,21092,0,0
1535747318932,21166,HTTP Request,200,OK,Thread Group 1-190,text,true,,343,133,999,999,21166,0,0
1535747317780,23208,HTTP Request,200,OK,Thread Group 1-160,text,true,,343,133,999,999,23208,0,1
1535747317810,23190,HTTP Request,200,OK,Thread Group 1-161,text,true,,343,133,999,999,23190,0,0
1535747317842,23159,HTTP Request,200,OK,Thread Group 1-162,text,true,,343,133,999,999,23159,0,0
1535747317869,23132,HTTP Request,200,OK,Thread Group 1-163,text,true,,343,133,999,999,23132,0,1
1535747317903,23099,HTTP Request,200,OK,Thread Group 1-164,text,true,,343,133,999,999,23099,0,1
1535747319072,21931,HTTP Request,200,OK,Thread Group 1-194,text,true,,343,133,999,999,21931,0,1
1535747317940,23064,HTTP Request,200,OK,Thread Group 1-165,text,true,,343,133,999,999,23064,0,1
1535747317977,23027,HTTP Request,200,OK,Thread Group 1-166,text,true,,343,133,999,999,23027,0,1
1535747318013,22993,HTTP Request,200,OK,Thread Group 1-167,text,true,,343,133,998,998,22993,0,0
1535747318041,22966,HTTP Request,200,OK,Thread Group 1-168,text,true,,343,133,996,996,22966,0,0
1535747319144,22492,HTTP Request,200,OK,Thread Group 1-196,text,true,,343,133,994,994,22492,0,0
1535747319335,23134,HTTP Request,200,OK,Thread Group 1-201,text,true,,343,133,992,992,23134,0,0
1535747319447,23897,HTTP Request,200,OK,Thread Group 1-204,text,true,,343,133,992,992,23897,0,0
1535747319612,24588,HTTP Request,200,OK,Thread Group 1-13,text,true,,343,133,992,992,24588,0,0
1535747319578,24627,HTTP Request,200,OK,Thread Group 1-207,text,true,,343,133,992,992,24627,0,0
1535747319194,25011,HTTP Request,200,OK,Thread Group 1-197,text,true,,343,133,991,991,25011,0,0
1535747319226,24980,HTTP Request,200,OK,Thread Group 1-198,text,true,,343,133,991,991,24980,0,0
1535747319808,24398,HTTP Request,200,OK,Thread Group 1-213,text,true,,343,133,991,991,24398,0,0
1535747318968,25239,HTTP Request,200,OK,Thread Group 1-191,text,true,,343,133,991,991,25239,0,0
1535747319776,24431,HTTP Request,200,OK,Thread Group 1-211,text,true,,343,133,991,991,24431,0,0
1535747319747,24461,HTTP Request,200,OK,Thread Group 1-212,text,true,,343,133,991,991,24461,0,0
1535747318824,25384,HTTP Request,200,OK,Thread Group 1-187,text,true,,343,133,990,990,25384,0,1
1535747319641,24568,HTTP Request,200,OK,Thread Group 1-208,text,true,,343,133,990,990,24568,0,0
1535747318864,25345,HTTP Request,200,OK,Thread Group 1-188,text,true,,343,133,989,989,25345,0,0
1535747319847,24635,HTTP Request,200,OK,Thread Group 1-214,text,true,,343,133,988,988,24635,0,0
1535747319883,24608,HTTP Request,200,OK,Thread Group 1-215,text,true,,343,133,988,988,24608,0,1
1535747319486,23405,HTTP Request,200,OK,Thread Group 1-205,text,true,,343,133,992,992,23405,0,0
1535747320006,24923,HTTP Request,200,OK,Thread Group 1-218,text,true,,343,133,987,987,24923,0,1
1535747319982,24947,HTTP Request,200,OK,Thread Group 1-217,text,true,,343,133,987,987,24947,0,1
1535747319916,25483,HTTP Request,200,OK,Thread Group 1-216,text,true,,343,133,987,987,25483,0,0
1535747320077,25322,HTTP Request,200,OK,Thread Group 1-220,text,true,,343,133,987,987,25322,0,0
1535747320139,25517,HTTP Request,200,OK,Thread Group 1-222,text,true,,343,133,987,987,25517,0,0
1535747320347,25987,HTTP Request,200,OK,Thread Group 1-228,text,true,,343,133,987,987,25987,0,1
1535747319550,45924,HTTP Request,200,OK,Thread Group 1-12,text,true,,343,133,986,986,45924,0,0
1535747318206,52459,HTTP Request,200,OK,Thread Group 1-173,text,true,,343,133,976,976,52459,0,0
1535747371942,1640,HTTP Request,200,OK,Thread Group 1-554,text,true,,343,133,972,972,1240,0,1
1535747318305,56631,HTTP Request,200,OK,Thread Group 1-176,text,true,,343,133,968,968,56631,0,1
1535747318273,57696,HTTP Request,200,OK,Thread Group 1-175,text,true,,343,133,967,967,57696,0,0
1535747318547,63974,HTTP Request,200,OK,Thread Group 1-180,text,true,,343,133,965,965,63974,0,0
1535747318518,19400,HTTP Request,200,OK,Thread Group 1-11,text,true,,343,133,961,961,19385,0,1
1535747318814,65923,HTTP Request,200,OK,Thread Group 1-183,text,true,,343,133,961,961,65923,0,0
1535747319108,85435,HTTP Request,200,OK,Thread Group 1-195,text,true,,343,133,961,961,85435,0,0
1535747319302,85622,HTTP Request,200,OK,Thread Group 1-200,text,true,,343,133,960,960,85622,0,0
1535747319258,106650,HTTP Request,200,OK,Thread Group 1-199,text,true,,343,133,918,918,106650,0,0
1535747317570,108547,HTTP Request,200,OK,Thread Group 1-154,text,true,,343,133,917,917,108547,0,0
